{"stats":{"minecraft:killed_by":{"minecraft:player":1},"minecraft:custom":{"minecraft:jump":231,"minecraft:time_since_rest":506,"minecraft:damage_dealt":359,"minecraft:crouch_one_cm":42,"minecraft:play_one_minute":4146,"minecraft:leave_game":1,"minecraft:deaths":2,"minecraft:sprint_one_cm":10266,"minecraft:damage_taken":463,"minecraft:time_since_death":474,"minecraft:walk_one_cm":4715,"minecraft:sneak_time":28,"minecraft:fall_one_cm":5874,"minecraft:fly_one_cm":46852,"minecraft:player_kills":1},"minecraft:mined":{"minecraft:grass":9}},"DataVersion":2586}