{"stats":{"minecraft:killed_by":{"minecraft:player":1,"minecraft:skeleton":1,"mowziesmobs:barakoana":1},"minecraft:dropped":{"minecraft:dirt":1,"minecraft:wheat_seeds":1},"minecraft:used":{"minecraft:apple":1,"minecraft:stone_pickaxe":30,"minecraft:oak_planks":14,"minecraft:wooden_pickaxe":11,"minecraft:stone_axe":43,"minecraft:mutton":3,"minecraft:dirt":18,"minecraft:cobblestone":1,"minecraft:beef":1,"minecraft:crafting_table":2,"vanillahammers:wood_hammer":2},"minecraft:custom":{"minecraft:time_since_rest":7960,"minecraft:sprint_one_cm":115589,"minecraft:damage_taken":1265,"minecraft:walk_one_cm":73757,"minecraft:mob_kills":6,"minecraft:drop":2,"minecraft:damage_dealt":886,"minecraft:talked_to_villager":1,"minecraft:player_kills":1,"minecraft:interact_with_crafting_table":5,"minecraft:swim_one_cm":15367,"minecraft:fly_one_cm":158285,"minecraft:open_barrel":1,"minecraft:open_chest":3,"minecraft:play_one_minute":34079,"minecraft:crouch_one_cm":5886,"minecraft:deaths":4,"minecraft:sneak_time":2716,"minecraft:walk_under_water_one_cm":812,"minecraft:jump":920,"minecraft:walk_on_water_one_cm":4592,"minecraft:time_since_death":7929,"minecraft:fall_one_cm":25271},"minecraft:killed":{"minecraft:sheep":2,"mowziesmobs:barakoan_barakoana":2,"minecraft:pig":1,"minecraft:cow":1},"minecraft:picked_up":{"minecraft:wooden_axe":1,"minecraft:stick":6,"minecraft:crafting_table":2,"minecraft:leather":1,"minecraft:wooden_pickaxe":1,"minecraft:porkchop":1,"minecraft:oak_log":16,"minecraft:spruce_sapling":4,"vanillahammers:wood_hammer":1,"minecraft:spruce_log":16,"minecraft:dirt":21,"minecraft:orange_bed":1,"minecraft:wooden_sword":1,"minecraft:rotten_flesh":1,"minecraft:apple":2,"minecraft:stone_axe":2,"minecraft:wheat_seeds":3,"minecraft:beef":2,"mowziesmobs:barakoa_mask_fear":1,"minecraft:iron_ingot":1,"minecraft:stone_pickaxe":2,"minecraft:iron_ore":5,"minecraft:oak_sapling":4,"minecraft:mutton":5,"minecraft:oak_planks":68,"minecraft:coal":38,"minecraft:white_wool":4,"minecraft:cobblestone":20},"minecraft:mined":{"minecraft:iron_ore":5,"minecraft:spruce_log":8,"minecraft:crafting_table":1,"minecraft:grass":15,"minecraft:grass_block":7,"minecraft:oak_log":16,"minecraft:coal_ore":19,"minecraft:dirt":1,"minecraft:spruce_leaves":16,"minecraft:stone":19,"minecraft:oak_leaves":6,"minecraft:orange_bed":1},"minecraft:crafted":{"minecraft:oak_planks":64,"minecraft:crafting_table":3,"minecraft:stick":8,"minecraft:wooden_pickaxe":1,"minecraft:stone_pickaxe":1,"minecraft:stone_axe":1}},"DataVersion":2586}