{"stats":{"minecraft:killed_by":{"minecraft:zombie_villager":1,"minecraft:player":1,"minecraft:creeper":1,"minecraft:skeleton":1,"mowziesmobs:barakoana":1},"minecraft:dropped":{"minecraft:iron_ingot":2,"minecraft:wheat_seeds":5,"minecraft:oak_log":1,"minecraft:glass_bottle":2,"minecraft:diamond":1,"minecraft:iron_helmet":1,"minecraft:granite":28,"minecraft:saddle":1,"minecraft:dirt":4,"minecraft:potion":2,"minecraft:string":2,"minecraft:white_wool":3,"minecraft:gold_ingot":5,"minecraft:gravel":3,"minecraft:cocoa_beans":2,"minecraft:rotten_flesh":3,"mowziesmobs:barakoa_mask_fear":1,"minecraft:iron_chestplate":1,"minecraft:arrow":1},"minecraft:used":{"vanillahammers:coal_hammer":19,"minecraft:chest":3,"minecraft:shield":7,"minecraft:torch":1,"minecraft:dirt":18,"minecraft:mutton":3,"minecraft:iron_axe":71,"minecraft:light_gray_wool":1,"minecraft:beef":1,"minecraft:furnace":2,"vanillahammers:stone_hammer":182,"minecraft:water_bucket":1,"minecraft:diorite":17,"minecraft:stone_pickaxe":33,"minecraft:oak_planks":14,"minecraft:wooden_pickaxe":30,"minecraft:crafting_table":7,"minecraft:apple":1,"minecraft:bread":27,"minecraft:stone_axe":44,"minecraft:cobblestone":31,"vanillahammers:wood_hammer":2,"minecraft:bucket":2,"minecraft:yellow_bed":2},"minecraft:custom":{"minecraft:mob_kills":26,"minecraft:interact_with_anvil":2,"minecraft:inspect_hopper":1,"minecraft:interact_with_crafting_table":28,"minecraft:open_barrel":17,"minecraft:bell_ring":2,"minecraft:leave_game":1,"minecraft:time_since_death":4432,"minecraft:climb_one_cm":6213,"minecraft:sprint_one_cm":284754,"minecraft:walk_one_cm":306936,"minecraft:damage_blocked_by_shield":480,"minecraft:drop":23,"minecraft:talked_to_villager":2,"minecraft:deaths":8,"minecraft:sneak_time":5757,"minecraft:walk_under_water_one_cm":1534,"minecraft:jump":2199,"minecraft:interact_with_blast_furnace":2,"minecraft:walk_on_water_one_cm":13386,"minecraft:interact_with_furnace":15,"minecraft:interact_with_cartography_table":1,"minecraft:play_one_minute":107012,"minecraft:time_since_rest":4462,"minecraft:damage_taken":3344,"minecraft:damage_dealt":4397,"minecraft:swim_one_cm":48804,"minecraft:fly_one_cm":433851,"minecraft:player_kills":1,"minecraft:open_chest":30,"minecraft:crouch_one_cm":18086,"minecraft:fall_one_cm":61787},"minecraft:killed":{"mowziesmobs:barakoan_barakoana":4,"minecraft:witch":2,"minecraft:spider":1,"minecraft:vindicator":1,"minecraft:skeleton":1,"minecraft:pig":1,"minecraft:zombie_villager":1,"minecraft:sheep":6,"minecraft:pillager":1,"minecraft:zombie":2,"minecraft:cow":3},"minecraft:broken":{"vanillahammers:stone_hammer":1},"minecraft:picked_up":{"minecraft:wooden_axe":1,"minecraft:cocoa_beans":4,"minecraft:crafting_table":2,"minecraft:iron_chestplate":4,"minecraft:ladder":2,"minecraft:wooden_pickaxe":2,"minecraft:potion":3,"minecraft:shield":1,"minecraft:string":2,"minecraft:iron_axe":1,"minecraft:wooden_sword":1,"minecraft:iron_leggings":1,"minecraft:cartography_table":1,"minecraft:gold_nugget":108,"minecraft:beef":8,"minecraft:light_gray_wool":2,"minecraft:chest":1,"minecraft:iron_boots":1,"minecraft:stick":8,"minecraft:oak_door":1,"minecraft:oak_fence":4,"minecraft:torch":1,"minecraft:note_block":4,"minecraft:porkchop":1,"minecraft:diorite":126,"minecraft:redstone":5,"minecraft:iron_horse_armor":1,"minecraft:orange_bed":1,"minecraft:arrow":1,"minecraft:rotten_flesh":10,"minecraft:pumpkin_pie":2,"mowziesmobs:barakoa_mask_fear":2,"minecraft:stripped_dark_oak_wood":2,"minecraft:saddle":1,"minecraft:gold_ingot":10,"vanillahammers:coal_hammer":1,"minecraft:mutton":11,"minecraft:white_wool":10,"minecraft:cobblestone":1343,"minecraft:stripped_oak_log":2,"minecraft:water_bucket":1,"minecraft:andesite":14,"minecraft:leather":3,"mowziesmobs:barakoa_mask_fury":1,"minecraft:oak_log":48,"vanillahammers:wood_hammer":1,"minecraft:yellow_bed":2,"minecraft:gunpowder":2,"minecraft:dirt":58,"minecraft:bone":4,"minecraft:apple":3,"minecraft:wheat_seeds":11,"minecraft:iron_ingot":32,"minecraft:grindstone":2,"minecraft:stone_pickaxe":2,"minecraft:iron_ore":60,"minecraft:glass_bottle":4,"minecraft:oak_planks":108,"minecraft:dandelion":1,"minecraft:gravel":3,"minecraft:sand":2,"mowziesmobs:barakoa_mask_bliss":2,"minecraft:spruce_sapling":4,"minecraft:spruce_log":16,"minecraft:fermented_spider_eye":3,"minecraft:jungle_slab":2,"minecraft:polished_andesite":4,"minecraft:diamond":3,"minecraft:stone_axe":2,"minecraft:iron_helmet":5,"minecraft:granite":32,"vanillahammers:stone_hammer":1,"minecraft:bread":68,"minecraft:emerald":24,"minecraft:oak_sapling":4,"minecraft:coal":139},"minecraft:mined":{"minecraft:granite":34,"minecraft:grass_block":12,"minecraft:spruce_leaves":16,"minecraft:cartography_table":1,"minecraft:iron_ore":62,"minecraft:fire":3,"minecraft:andesite":13,"minecraft:stone":1232,"minecraft:orange_bed":1,"minecraft:dandelion":1,"minecraft:crafting_table":1,"minecraft:dead_bush":1,"minecraft:tall_grass":1,"minecraft:grindstone":2,"minecraft:diorite":80,"minecraft:wall_torch":1,"minecraft:spruce_log":8,"minecraft:yellow_bed":1,"minecraft:grass":18,"minecraft:oak_log":47,"minecraft:coal_ore":124,"minecraft:gravel":4,"minecraft:sand":2,"minecraft:dirt":3,"minecraft:oak_leaves":18},"minecraft:crafted":{"minecraft:oak_planks":188,"minecraft:furnace":2,"minecraft:iron_boots":1,"minecraft:iron_axe":1,"minecraft:stone_pickaxe":2,"minecraft:chest":2,"minecraft:coal_block":2,"minecraft:crafting_table":8,"minecraft:wooden_pickaxe":3,"minecraft:iron_helmet":1,"minecraft:bucket":1,"minecraft:stone_axe":1,"minecraft:air":0,"vanillahammers:stone_hammer":3,"minecraft:iron_chestplate":1,"minecraft:shield":1,"minecraft:stick":32,"minecraft:iron_ingot":53,"minecraft:wooden_axe":1,"vanillahammers:coal_hammer":1,"minecraft:iron_leggings":1}},"DataVersion":2586}