{"stats":{"minecraft:killed_by":{"minecraft:player":1,"minecraft:skeleton":1,"minecraft:creeper":1,"mowziesmobs:barakoana":1},"minecraft:dropped":{"minecraft:gravel":3,"minecraft:wheat_seeds":1,"minecraft:oak_log":1,"minecraft:granite":28,"minecraft:dirt":4,"minecraft:arrow":1},"minecraft:used":{"vanillahammers:stone_hammer":179,"minecraft:diorite":4,"vanillahammers:coal_hammer":18,"minecraft:stone_pickaxe":33,"minecraft:oak_planks":14,"minecraft:shield":1,"minecraft:chest":2,"minecraft:wooden_pickaxe":30,"minecraft:dirt":18,"minecraft:mutton":3,"minecraft:crafting_table":7,"minecraft:apple":1,"minecraft:iron_axe":17,"minecraft:bread":12,"minecraft:stone_axe":44,"minecraft:cobblestone":28,"minecraft:beef":1,"minecraft:furnace":2,"vanillahammers:wood_hammer":2},"minecraft:custom":{"minecraft:interact_with_furnace":14,"minecraft:mob_kills":8,"minecraft:interact_with_crafting_table":24,"minecraft:interact_with_cartography_table":1,"minecraft:open_barrel":1,"minecraft:play_one_minute":82079,"minecraft:time_since_death":37948,"minecraft:time_since_rest":37995,"minecraft:sprint_one_cm":202369,"minecraft:damage_taken":2381,"minecraft:walk_one_cm":214190,"minecraft:damage_blocked_by_shield":40,"minecraft:drop":7,"minecraft:damage_dealt":1651,"minecraft:swim_one_cm":47274,"minecraft:talked_to_villager":1,"minecraft:fly_one_cm":304077,"minecraft:player_kills":1,"minecraft:open_chest":14,"minecraft:crouch_one_cm":11651,"minecraft:deaths":7,"minecraft:sneak_time":4387,"minecraft:walk_under_water_one_cm":1424,"minecraft:jump":1686,"minecraft:walk_on_water_one_cm":11214,"minecraft:fall_one_cm":44697},"minecraft:killed":{"mowziesmobs:barakoan_barakoana":2,"minecraft:pig":1,"minecraft:spider":1,"minecraft:sheep":2,"minecraft:zombie":1,"minecraft:cow":1},"minecraft:broken":{"vanillahammers:stone_hammer":1},"minecraft:picked_up":{"minecraft:wooden_axe":1,"minecraft:crafting_table":2,"minecraft:andesite":14,"minecraft:leather":1,"minecraft:wooden_pickaxe":1,"minecraft:oak_log":48,"vanillahammers:wood_hammer":1,"minecraft:dirt":32,"minecraft:wooden_sword":1,"minecraft:bone":2,"minecraft:apple":2,"minecraft:wheat_seeds":3,"minecraft:cartography_table":1,"minecraft:iron_ingot":1,"minecraft:beef":2,"minecraft:stone_pickaxe":2,"minecraft:iron_ore":60,"minecraft:oak_planks":68,"minecraft:stick":6,"minecraft:dandelion":1,"minecraft:gravel":3,"minecraft:porkchop":1,"minecraft:sand":2,"minecraft:spruce_sapling":4,"minecraft:diorite":77,"minecraft:spruce_log":16,"minecraft:orange_bed":1,"minecraft:arrow":1,"minecraft:rotten_flesh":1,"minecraft:stone_axe":2,"mowziesmobs:barakoa_mask_fear":1,"minecraft:granite":32,"minecraft:bread":68,"minecraft:oak_sapling":4,"minecraft:mutton":5,"minecraft:coal":139,"minecraft:white_wool":4,"minecraft:cobblestone":1210},"minecraft:mined":{"minecraft:dandelion":1,"minecraft:crafting_table":1,"minecraft:granite":34,"minecraft:grass_block":12,"minecraft:dead_bush":1,"minecraft:tall_grass":1,"minecraft:spruce_leaves":16,"minecraft:cartography_table":1,"minecraft:diorite":80,"minecraft:iron_ore":62,"minecraft:spruce_log":8,"minecraft:andesite":13,"minecraft:grass":18,"minecraft:coal_ore":124,"minecraft:oak_log":47,"minecraft:gravel":4,"minecraft:sand":2,"minecraft:dirt":3,"minecraft:stone":1232,"minecraft:oak_leaves":18,"minecraft:orange_bed":1},"minecraft:crafted":{"minecraft:coal_block":2,"minecraft:oak_planks":188,"minecraft:crafting_table":8,"minecraft:wooden_pickaxe":3,"minecraft:iron_helmet":1,"minecraft:furnace":2,"minecraft:stone_axe":1,"minecraft:air":0,"vanillahammers:stone_hammer":3,"minecraft:iron_boots":1,"minecraft:iron_chestplate":1,"minecraft:shield":1,"minecraft:iron_axe":1,"minecraft:stick":32,"minecraft:iron_ingot":53,"minecraft:stone_pickaxe":2,"minecraft:wooden_axe":1,"vanillahammers:coal_hammer":1,"minecraft:chest":2,"minecraft:iron_leggings":1}},"DataVersion":2586}