{"stats":{"minecraft:killed_by":{"minecraft:player":1,"minecraft:skeleton":1,"minecraft:creeper":1,"mowziesmobs:barakoana":1},"minecraft:dropped":{"minecraft:dirt":1,"minecraft:wheat_seeds":1,"minecraft:oak_log":1},"minecraft:used":{"minecraft:apple":1,"minecraft:stone_pickaxe":33,"minecraft:oak_planks":14,"minecraft:wooden_pickaxe":26,"minecraft:stone_axe":44,"minecraft:mutton":3,"minecraft:dirt":18,"minecraft:cobblestone":1,"minecraft:beef":1,"minecraft:crafting_table":4,"vanillahammers:wood_hammer":2},"minecraft:custom":{"minecraft:time_since_rest":1995,"minecraft:sprint_one_cm":159384,"minecraft:damage_taken":1795,"minecraft:walk_one_cm":99927,"minecraft:mob_kills":6,"minecraft:drop":3,"minecraft:damage_dealt":964,"minecraft:interact_with_cartography_table":1,"minecraft:talked_to_villager":1,"minecraft:player_kills":1,"minecraft:interact_with_crafting_table":8,"minecraft:swim_one_cm":47274,"minecraft:fly_one_cm":230405,"minecraft:open_barrel":1,"minecraft:open_chest":5,"minecraft:play_one_minute":46079,"minecraft:crouch_one_cm":6604,"minecraft:deaths":7,"minecraft:sneak_time":2961,"minecraft:walk_under_water_one_cm":1424,"minecraft:jump":1238,"minecraft:walk_on_water_one_cm":10569,"minecraft:time_since_death":1948,"minecraft:fall_one_cm":35265},"minecraft:killed":{"minecraft:sheep":2,"mowziesmobs:barakoan_barakoana":2,"minecraft:pig":1,"minecraft:cow":1},"minecraft:picked_up":{"minecraft:wooden_axe":1,"minecraft:stick":6,"minecraft:crafting_table":2,"minecraft:leather":1,"minecraft:wooden_pickaxe":1,"minecraft:porkchop":1,"minecraft:oak_log":29,"minecraft:spruce_sapling":4,"vanillahammers:wood_hammer":1,"minecraft:spruce_log":16,"minecraft:dirt":24,"minecraft:orange_bed":1,"minecraft:wooden_sword":1,"minecraft:rotten_flesh":1,"minecraft:apple":2,"minecraft:stone_axe":2,"minecraft:cartography_table":1,"minecraft:wheat_seeds":3,"minecraft:beef":2,"mowziesmobs:barakoa_mask_fear":1,"minecraft:iron_ingot":1,"minecraft:stone_pickaxe":2,"minecraft:iron_ore":5,"minecraft:oak_sapling":4,"minecraft:mutton":5,"minecraft:oak_planks":68,"minecraft:coal":47,"minecraft:white_wool":4,"minecraft:cobblestone":25},"minecraft:mined":{"minecraft:iron_ore":5,"minecraft:spruce_log":8,"minecraft:crafting_table":1,"minecraft:grass":16,"minecraft:grass_block":10,"minecraft:oak_log":28,"minecraft:coal_ore":28,"minecraft:dirt":2,"minecraft:spruce_leaves":16,"minecraft:stone":24,"minecraft:cartography_table":1,"minecraft:oak_leaves":15,"minecraft:orange_bed":1},"minecraft:crafted":{"minecraft:oak_planks":112,"minecraft:crafting_table":5,"minecraft:stick":16,"minecraft:wooden_pickaxe":2,"minecraft:stone_pickaxe":2,"minecraft:wooden_axe":1,"minecraft:stone_axe":1}},"DataVersion":2586}