{"stats":{"minecraft:dropped":{"minecraft:dirt":1},"minecraft:used":{"minecraft:dirt":18,"minecraft:crafting_table":1,"minecraft:stone_pickaxe":15,"minecraft:wooden_pickaxe":11},"minecraft:custom":{"minecraft:time_since_rest":7637,"minecraft:crouch_one_cm":110,"minecraft:walk_one_cm":14524,"minecraft:play_one_minute":10079,"minecraft:sprint_one_cm":21985,"minecraft:damage_taken":400,"minecraft:deaths":1,"minecraft:sneak_time":52,"minecraft:walk_under_water_one_cm":18,"minecraft:drop":1,"minecraft:jump":168,"minecraft:time_since_death":7610,"minecraft:walk_on_water_one_cm":845,"minecraft:swim_one_cm":959,"minecraft:interact_with_crafting_table":2,"minecraft:fall_one_cm":5518,"minecraft:fly_one_cm":25469},"minecraft:picked_up":{"minecraft:stick":2,"minecraft:apple":1,"minecraft:oak_log":16,"minecraft:oak_sapling":2,"minecraft:coal":19,"minecraft:dirt":19,"minecraft:cobblestone":7},"minecraft:crafted":{"minecraft:oak_planks":64,"minecraft:crafting_table":1,"minecraft:stick":8,"minecraft:stone_pickaxe":1,"minecraft:wooden_pickaxe":1},"minecraft:mined":{"minecraft:coal_ore":19,"minecraft:grass_block":5,"minecraft:oak_log":16,"minecraft:dirt":1,"minecraft:stone":7,"minecraft:oak_leaves":6}},"DataVersion":2586}