{"stats":{"minecraft:killed_by":{"minecraft:player":1,"minecraft:skeleton":1,"minecraft:creeper":1,"mowziesmobs:barakoana":1},"minecraft:dropped":{"minecraft:wheat_seeds":1,"minecraft:oak_log":1,"minecraft:dirt":1},"minecraft:used":{"vanillahammers:stone_hammer":165,"minecraft:diorite":4,"vanillahammers:coal_hammer":15,"minecraft:stone_pickaxe":33,"minecraft:oak_planks":14,"minecraft:wooden_pickaxe":30,"minecraft:dirt":18,"minecraft:mutton":3,"minecraft:crafting_table":7,"minecraft:apple":1,"minecraft:bread":4,"minecraft:stone_axe":44,"minecraft:cobblestone":13,"minecraft:beef":1,"minecraft:furnace":2,"vanillahammers:wood_hammer":2},"minecraft:custom":{"minecraft:interact_with_furnace":6,"minecraft:mob_kills":7,"minecraft:interact_with_crafting_table":18,"minecraft:interact_with_cartography_table":1,"minecraft:open_barrel":1,"minecraft:play_one_minute":70079,"minecraft:time_since_death":25948,"minecraft:time_since_rest":25995,"minecraft:sprint_one_cm":183756,"minecraft:damage_taken":2169,"minecraft:walk_one_cm":179897,"minecraft:drop":3,"minecraft:damage_dealt":1441,"minecraft:swim_one_cm":47274,"minecraft:talked_to_villager":1,"minecraft:fly_one_cm":257277,"minecraft:player_kills":1,"minecraft:open_chest":8,"minecraft:crouch_one_cm":11227,"minecraft:deaths":7,"minecraft:sneak_time":4255,"minecraft:walk_under_water_one_cm":1424,"minecraft:jump":1466,"minecraft:walk_on_water_one_cm":11121,"minecraft:fall_one_cm":39728},"minecraft:killed":{"mowziesmobs:barakoan_barakoana":2,"minecraft:pig":1,"minecraft:sheep":2,"minecraft:zombie":1,"minecraft:cow":1},"minecraft:broken":{"vanillahammers:stone_hammer":1},"minecraft:picked_up":{"minecraft:wooden_axe":1,"minecraft:crafting_table":2,"minecraft:andesite":14,"minecraft:leather":1,"minecraft:wooden_pickaxe":1,"minecraft:oak_log":35,"vanillahammers:wood_hammer":1,"minecraft:dirt":24,"minecraft:wooden_sword":1,"minecraft:bone":2,"minecraft:apple":2,"minecraft:wheat_seeds":3,"minecraft:cartography_table":1,"minecraft:iron_ingot":1,"minecraft:beef":2,"minecraft:stone_pickaxe":2,"minecraft:iron_ore":45,"minecraft:oak_planks":68,"minecraft:stick":6,"minecraft:gravel":3,"minecraft:porkchop":1,"minecraft:sand":2,"minecraft:spruce_sapling":4,"minecraft:diorite":75,"minecraft:spruce_log":16,"minecraft:orange_bed":1,"minecraft:arrow":1,"minecraft:rotten_flesh":1,"minecraft:stone_axe":2,"mowziesmobs:barakoa_mask_fear":1,"minecraft:granite":30,"minecraft:bread":4,"minecraft:oak_sapling":4,"minecraft:mutton":5,"minecraft:coal":139,"minecraft:white_wool":4,"minecraft:cobblestone":1124},"minecraft:mined":{"minecraft:crafting_table":1,"minecraft:granite":32,"minecraft:grass_block":10,"minecraft:dead_bush":1,"minecraft:spruce_leaves":16,"minecraft:cartography_table":1,"minecraft:diorite":75,"minecraft:iron_ore":47,"minecraft:spruce_log":8,"minecraft:andesite":13,"minecraft:grass":16,"minecraft:coal_ore":124,"minecraft:oak_log":34,"minecraft:gravel":4,"minecraft:sand":2,"minecraft:dirt":2,"minecraft:stone":1144,"minecraft:oak_leaves":16,"minecraft:orange_bed":1},"minecraft:crafted":{"minecraft:coal_block":2,"minecraft:oak_planks":136,"minecraft:crafting_table":8,"minecraft:wooden_pickaxe":3,"minecraft:iron_helmet":1,"minecraft:furnace":2,"minecraft:stone_axe":1,"minecraft:air":0,"vanillahammers:stone_hammer":3,"minecraft:iron_boots":1,"minecraft:iron_chestplate":1,"minecraft:stick":32,"minecraft:iron_ingot":27,"minecraft:stone_pickaxe":2,"minecraft:wooden_axe":1,"vanillahammers:coal_hammer":1,"minecraft:iron_leggings":1}},"DataVersion":2586}