{"stats":{"minecraft:killed_by":{"minecraft:player":1,"minecraft:skeleton":1,"minecraft:creeper":1,"mowziesmobs:barakoana":1},"minecraft:dropped":{"minecraft:wheat_seeds":1,"minecraft:oak_log":1,"minecraft:dirt":1},"minecraft:used":{"vanillahammers:stone_hammer":89,"minecraft:stone_pickaxe":33,"minecraft:oak_planks":14,"minecraft:wooden_pickaxe":30,"minecraft:dirt":18,"minecraft:mutton":3,"minecraft:crafting_table":5,"minecraft:apple":1,"minecraft:bread":1,"minecraft:stone_axe":44,"minecraft:cobblestone":1,"minecraft:beef":1,"vanillahammers:wood_hammer":2},"minecraft:custom":{"minecraft:mob_kills":6,"minecraft:interact_with_crafting_table":11,"minecraft:interact_with_cartography_table":1,"minecraft:open_barrel":1,"minecraft:play_one_minute":58079,"minecraft:time_since_death":13948,"minecraft:time_since_rest":13995,"minecraft:sprint_one_cm":171836,"minecraft:damage_taken":1915,"minecraft:walk_one_cm":137965,"minecraft:drop":3,"minecraft:damage_dealt":995,"minecraft:swim_one_cm":47274,"minecraft:talked_to_villager":1,"minecraft:fly_one_cm":254886,"minecraft:player_kills":1,"minecraft:open_chest":8,"minecraft:crouch_one_cm":8830,"minecraft:deaths":7,"minecraft:sneak_time":3368,"minecraft:walk_under_water_one_cm":1424,"minecraft:jump":1398,"minecraft:walk_on_water_one_cm":10855,"minecraft:fall_one_cm":39519},"minecraft:killed":{"mowziesmobs:barakoan_barakoana":2,"minecraft:pig":1,"minecraft:sheep":2,"minecraft:cow":1},"minecraft:picked_up":{"minecraft:wooden_axe":1,"minecraft:crafting_table":2,"minecraft:andesite":8,"minecraft:leather":1,"minecraft:wooden_pickaxe":1,"minecraft:oak_log":35,"vanillahammers:wood_hammer":1,"minecraft:dirt":24,"minecraft:wooden_sword":1,"minecraft:bone":2,"minecraft:apple":2,"minecraft:wheat_seeds":3,"minecraft:cartography_table":1,"minecraft:iron_ingot":1,"minecraft:beef":2,"minecraft:stone_pickaxe":2,"minecraft:iron_ore":27,"minecraft:oak_planks":68,"minecraft:stick":6,"minecraft:gravel":1,"minecraft:porkchop":1,"minecraft:sand":2,"minecraft:spruce_sapling":4,"minecraft:diorite":26,"minecraft:spruce_log":16,"minecraft:orange_bed":1,"minecraft:arrow":1,"minecraft:rotten_flesh":1,"minecraft:stone_axe":2,"mowziesmobs:barakoa_mask_fear":1,"minecraft:granite":20,"minecraft:bread":4,"minecraft:oak_sapling":4,"minecraft:mutton":5,"minecraft:coal":123,"minecraft:white_wool":4,"minecraft:cobblestone":607},"minecraft:mined":{"minecraft:crafting_table":1,"minecraft:granite":21,"minecraft:grass_block":10,"minecraft:dead_bush":1,"minecraft:spruce_leaves":16,"minecraft:cartography_table":1,"minecraft:diorite":26,"minecraft:iron_ore":29,"minecraft:spruce_log":8,"minecraft:andesite":7,"minecraft:grass":16,"minecraft:coal_ore":108,"minecraft:oak_log":34,"minecraft:gravel":1,"minecraft:sand":2,"minecraft:dirt":2,"minecraft:stone":620,"minecraft:oak_leaves":16,"minecraft:orange_bed":1},"minecraft:crafted":{"minecraft:oak_planks":136,"minecraft:crafting_table":6,"minecraft:wooden_pickaxe":3,"minecraft:stone_axe":1,"vanillahammers:stone_hammer":1,"minecraft:stick":24,"minecraft:stone_pickaxe":2,"minecraft:wooden_axe":1}},"DataVersion":2586}