{"stats":{"minecraft:killed_by":{"minecraft:skeleton":1},"minecraft:dropped":{"minecraft:dirt":1},"minecraft:used":{"minecraft:apple":1,"minecraft:stone_pickaxe":22,"minecraft:oak_planks":12,"minecraft:wooden_pickaxe":11,"minecraft:stone_axe":29,"minecraft:dirt":18,"minecraft:cobblestone":1,"minecraft:crafting_table":2},"minecraft:custom":{"minecraft:time_since_rest":8676,"minecraft:sprint_one_cm":60694,"minecraft:damage_taken":690,"minecraft:walk_one_cm":33715,"minecraft:mob_kills":1,"minecraft:drop":1,"minecraft:damage_dealt":80,"minecraft:interact_with_crafting_table":4,"minecraft:swim_one_cm":12712,"minecraft:fly_one_cm":81931,"minecraft:play_one_minute":22079,"minecraft:crouch_one_cm":5886,"minecraft:deaths":2,"minecraft:sneak_time":2696,"minecraft:walk_under_water_one_cm":501,"minecraft:jump":504,"minecraft:walk_on_water_one_cm":2151,"minecraft:time_since_death":8649,"minecraft:fall_one_cm":15521},"minecraft:killed":{"minecraft:sheep":1},"minecraft:picked_up":{"minecraft:stick":6,"minecraft:crafting_table":2,"minecraft:wooden_pickaxe":1,"minecraft:oak_log":16,"minecraft:spruce_sapling":4,"minecraft:spruce_log":16,"minecraft:dirt":19,"minecraft:apple":2,"minecraft:stone_axe":1,"minecraft:stone_pickaxe":1,"minecraft:iron_ore":5,"minecraft:oak_sapling":4,"minecraft:mutton":2,"minecraft:oak_planks":49,"minecraft:coal":38,"minecraft:white_wool":1,"minecraft:cobblestone":7},"minecraft:mined":{"minecraft:iron_ore":5,"minecraft:spruce_log":8,"minecraft:crafting_table":1,"minecraft:grass":2,"minecraft:grass_block":5,"minecraft:oak_log":16,"minecraft:coal_ore":19,"minecraft:dirt":1,"minecraft:spruce_leaves":16,"minecraft:stone":9,"minecraft:oak_leaves":6},"minecraft:crafted":{"minecraft:oak_planks":64,"minecraft:crafting_table":2,"minecraft:stick":8,"minecraft:wooden_pickaxe":1,"minecraft:stone_pickaxe":1,"minecraft:stone_axe":1}},"DataVersion":2586}