{"stats":{"minecraft:dropped":{"minecraft:water_bucket":1,"minecraft:iron_ingot":2,"minecraft:bread":249,"minecraft:iron_sword":1,"minecraft:wheat_seeds":28,"minecraft:oak_log":1,"minecraft:glass_bottle":2,"minecraft:diamond":4,"minecraft:cooked_porkchop":2,"minecraft:oak_fence":2,"minecraft:iron_helmet":3,"minecraft:cobblestone":462,"minecraft:apple":2,"minecraft:granite":91,"minecraft:saddle":1,"vanillahammers:iron_hammer":1,"vanillahammers:stone_hammer":1,"minecraft:emerald":6,"minecraft:dirt":15,"minecraft:jungle_slab":1,"mowziesmobs:barakoa_mask_misery":1,"minecraft:diorite":30,"mowziesmobs:barakoa_mask_rage":2,"minecraft:mutton":3,"minecraft:dark_oak_trapdoor":2,"minecraft:cut_sandstone":10,"minecraft:stripped_dark_oak_wood":2,"minecraft:potion":2,"minecraft:iron_leggings":2,"vanillahammers:fiery_hammer":1,"minecraft:iron_axe":1,"minecraft:sugar":2,"minecraft:fermented_spider_eye":6,"minecraft:string":4,"minecraft:white_wool":4,"minecraft:redstone":94,"minecraft:bone":1,"minecraft:gold_ingot":12,"minecraft:oak_door":1,"minecraft:gravel":3,"minecraft:cocoa_beans":2,"minecraft:wheat":4,"minecraft:rotten_flesh":13,"mowziesmobs:barakoa_mask_fear":1,"minecraft:iron_boots":2,"mowziesmobs:barakoa_mask_bliss":1,"minecraft:white_bed":2,"minecraft:filled_map":2,"minecraft:shield":1,"mowziesmobs:barakoa_mask_fury":1,"minecraft:stone_bricks":15,"minecraft:iron_chestplate":2,"minecraft:andesite":118,"minecraft:ladder":3,"minecraft:spider_eye":2,"minecraft:arrow":1,"minecraft:stone_brick_stairs":1,"minecraft:egg":1},"minecraft:used":{"minecraft:jack_o_lantern":3,"vanillahammers:coal_hammer":19,"minecraft:chest":4,"minecraft:shield":107,"minecraft:iron_sword":295,"minecraft:torch":83,"minecraft:dirt":22,"minecraft:mutton":3,"minecraft:iron_axe":158,"minecraft:iron_block":9,"minecraft:smooth_sandstone":1,"minecraft:stone_bricks":2,"minecraft:light_gray_wool":1,"carryon:tile_item":1,"minecraft:beef":1,"minecraft:furnace":2,"vanillahammers:stone_hammer":205,"minecraft:water_bucket":8,"minecraft:diorite":44,"minecraft:stone_pickaxe":33,"vanillahammers:iron_hammer":318,"minecraft:oak_planks":14,"minecraft:cactus":3,"minecraft:wooden_pickaxe":30,"minecraft:golden_apple":2,"minecraft:sand":2,"minecraft:crafting_table":8,"minecraft:white_bed":1,"minecraft:flower_pot":1,"minecraft:apple":1,"minecraft:bread":100,"minecraft:iron_pickaxe":98,"minecraft:stone_axe":44,"minecraft:cobblestone":221,"minecraft:cooked_porkchop":6,"vanillahammers:wood_hammer":2,"minecraft:bucket":9,"minecraft:yellow_bed":2,"minecraft:wither_rose":2,"vanillahammers:emerald_hammer":2},"minecraft:custom":{"minecraft:interact_with_anvil":3,"minecraft:mob_kills":122,"minecraft:inspect_hopper":5,"minecraft:interact_with_crafting_table":86,"minecraft:open_barrel":42,"minecraft:bell_ring":9,"minecraft:leave_game":5,"minecraft:time_since_death":7849,"minecraft:climb_one_cm":41867,"minecraft:sprint_one_cm":1007096,"minecraft:walk_one_cm":929583,"minecraft:damage_blocked_by_shield":4980,"minecraft:drop":247,"minecraft:play_noteblock":1,"minecraft:talked_to_villager":8,"minecraft:raid_win":1,"minecraft:deaths":20,"minecraft:sneak_time":15423,"minecraft:walk_under_water_one_cm":7713,"minecraft:jump":5541,"minecraft:interact_with_blast_furnace":2,"minecraft:walk_on_water_one_cm":53240,"minecraft:interact_with_furnace":50,"minecraft:interact_with_cartography_table":1,"minecraft:play_one_minute":324331,"minecraft:pot_flower":1,"minecraft:interact_with_stonecutter":1,"minecraft:time_since_rest":7875,"minecraft:damage_taken":10303,"minecraft:damage_absorbed":79,"minecraft:damage_dealt":21574,"minecraft:player_kills":2,"minecraft:swim_one_cm":53928,"minecraft:fly_one_cm":1077652,"minecraft:open_chest":190,"minecraft:crouch_one_cm":55303,"minecraft:fall_one_cm":150407,"minecraft:inspect_dispenser":1},"minecraft:killed_by":{"minecraft:zombie_villager":3,"minecraft:player":1,"minecraft:creeper":2,"minecraft:iron_golem":1,"minecraft:vindicator":3,"minecraft:skeleton":1,"minecraft:witch":3,"mowziesmobs:barakoana":1,"minecraft:vex":1},"minecraft:picked_up":{"minecraft:wooden_axe":1,"minecraft:fishing_rod":2,"minecraft:crafting_table":2,"minecraft:cocoa_beans":4,"minecraft:iron_chestplate":23,"minecraft:wheat":13,"minecraft:ladder":7,"minecraft:flower_pot":1,"minecraft:wooden_pickaxe":2,"minecraft:potion":7,"minecraft:stone_brick_stairs":6,"minecraft:shield":12,"minecraft:string":5,"minecraft:dark_oak_trapdoor":2,"minecraft:iron_axe":4,"minecraft:wooden_sword":1,"minecraft:smooth_stone_slab":8,"minecraft:iron_leggings":11,"minecraft:experience_bottle":3,"minecraft:cartography_table":1,"minecraft:gold_nugget":172,"minecraft:spruce_planks":6,"minecraft:beef":11,"minecraft:rose_bush":13,"minecraft:poppy":2,"minecraft:iron_pickaxe":11,"minecraft:light_gray_wool":2,"minecraft:chest":1,"minecraft:egg":9,"minecraft:iron_boots":23,"minecraft:tipped_arrow":4,"minecraft:stick":45,"minecraft:oak_door":2,"minecraft:oak_fence":6,"minecraft:torch":3,"minecraft:note_block":6,"minecraft:porkchop":5,"minecraft:diorite":459,"minecraft:carrot":2,"minecraft:redstone":189,"minecraft:iron_horse_armor":2,"minecraft:orange_bed":1,"minecraft:tnt":9,"minecraft:cactus":4,"minecraft:arrow":78,"minecraft:rotten_flesh":73,"minecraft:pumpkin_pie":2,"minecraft:hay_block":17,"mowziesmobs:barakoa_mask_fear":2,"minecraft:iron_block":1,"minecraft:stripped_dark_oak_wood":4,"minecraft:saddle":4,"minecraft:gold_ingot":33,"vanillahammers:iron_hammer":10,"vanillahammers:coal_hammer":8,"mowziesmobs:barakoa_mask_misery":6,"minecraft:mutton":24,"minecraft:skeleton_skull":1,"minecraft:white_wool":11,"minecraft:cobblestone":3105,"minecraft:stripped_oak_log":2,"minecraft:water_bucket":15,"minecraft:andesite":156,"minecraft:leather":5,"minecraft:cut_sandstone":10,"mowziesmobs:barakoa_mask_fury":9,"minecraft:filled_map":5,"minecraft:oak_log":63,"vanillahammers:wood_hammer":1,"minecraft:yellow_bed":2,"minecraft:gunpowder":2,"minecraft:lapis_lazuli":124,"minecraft:dirt":361,"minecraft:white_banner":1,"minecraft:smooth_sandstone":3,"mowziesmobs:barakoa_mask_rage":2,"minecraft:bone":41,"minecraft:acacia_planks":1,"minecraft:apple":5,"minecraft:stone_bricks":30,"minecraft:bow":6,"minecraft:wheat_seeds":51,"minecraft:grindstone":2,"vanillahammers:fiery_hammer":1,"minecraft:spruce_wood":114,"minecraft:iron_ingot":269,"minecraft:stone_pickaxe":2,"minecraft:iron_ore":193,"minecraft:glass_bottle":4,"minecraft:oak_planks":180,"minecraft:iron_sword":15,"minecraft:book":27,"minecraft:cooked_porkchop":40,"minecraft:pumpkin":60,"minecraft:quartz":192,"minecraft:dandelion":1,"minecraft:gravel":3,"minecraft:sand":4,"mowziesmobs:barakoa_mask_bliss":3,"minecraft:spruce_sapling":4,"minecraft:white_bed":3,"minecraft:spruce_log":16,"minecraft:fermented_spider_eye":9,"minecraft:gold_ore":51,"minecraft:jungle_slab":3,"minecraft:spider_eye":6,"minecraft:dark_prismarine":2,"minecraft:polished_andesite":4,"minecraft:sugar":10,"minecraft:slime_ball":8,"minecraft:purple_glazed_terracotta":4,"minecraft:diamond":21,"minecraft:stone_axe":2,"minecraft:iron_helmet":22,"minecraft:crossbow":1,"minecraft:granite":296,"minecraft:golden_apple":2,"vanillahammers:stone_hammer":2,"minecraft:emerald":169,"minecraft:bread":729,"minecraft:jack_o_lantern":7,"minecraft:oak_sapling":4,"minecraft:ender_pearl":4,"minecraft:coarse_dirt":8,"minecraft:coal":565},"minecraft:mined":{"minecraft:jack_o_lantern":4,"minecraft:potted_cactus":1,"minecraft:granite":151,"minecraft:grass_block":15,"minecraft:spruce_leaves":16,"minecraft:cartography_table":1,"minecraft:hay_block":17,"minecraft:redstone_ore":30,"minecraft:iron_ore":203,"minecraft:fire":3,"minecraft:andesite":208,"minecraft:pumpkin":12,"minecraft:bookshelf":9,"minecraft:stone":3254,"minecraft:orange_bed":1,"minecraft:cut_sandstone":2,"minecraft:dandelion":1,"minecraft:crafting_table":1,"minecraft:torch":1,"minecraft:rose_bush":5,"minecraft:dead_bush":1,"minecraft:tall_grass":11,"minecraft:cobblestone":79,"minecraft:lapis_ore":15,"minecraft:grindstone":2,"minecraft:diorite":148,"minecraft:wall_torch":2,"minecraft:purple_wool":1,"minecraft:cactus":1,"minecraft:wheat":3,"minecraft:spruce_log":8,"minecraft:tnt":8,"minecraft:yellow_bed":1,"minecraft:grass":81,"minecraft:coal_ore":174,"minecraft:oak_log":58,"minecraft:gravel":4,"minecraft:sand":4,"minecraft:dirt":48,"minecraft:stone_bricks":16,"minecraft:gold_ore":52,"minecraft:oak_leaves":27,"minecraft:diamond_ore":6,"minecraft:purple_glazed_terracotta":4},"minecraft:killed":{"mowziesmobs:barakoan_barakoana":9,"minecraft:witch":4,"minecraft:vindicator":3,"minecraft:spider":7,"minecraft:skeleton":24,"minecraft:husk":7,"minecraft:pig":6,"minecraft:zombie_villager":4,"minecraft:iron_golem":1,"minecraft:creeper":1,"minecraft:sheep":7,"minecraft:pillager":14,"minecraft:zombie":18,"mowziesmobs:barakoana":2,"minecraft:cow":5},"minecraft:broken":{"vanillahammers:iron_hammer":1,"vanillahammers:stone_hammer":1,"minecraft:shield":1,"minecraft:iron_axe":1,"mowziesmobs:barakoa_mask_fury":1},"minecraft:crafted":{"minecraft:oak_planks":236,"minecraft:furnace":2,"minecraft:diamond_block":1,"minecraft:iron_boots":2,"minecraft:iron_axe":1,"minecraft:stone_pickaxe":2,"minecraft:chest":3,"minecraft:redstone_block":1,"minecraft:coal_block":2,"minecraft:crafting_table":9,"minecraft:wooden_pickaxe":3,"minecraft:iron_helmet":1,"minecraft:gold_block":10,"minecraft:bucket":1,"minecraft:stone_axe":1,"minecraft:bread":19,"minecraft:air":0,"vanillahammers:stone_hammer":3,"vanillahammers:emerald_hammer":1,"minecraft:iron_chestplate":1,"minecraft:emerald_block":4,"minecraft:shield":3,"minecraft:stick":120,"minecraft:iron_ingot":105,"minecraft:iron_block":34,"minecraft:wooden_axe":1,"vanillahammers:coal_hammer":1,"vanillahammers:iron_hammer":2,"minecraft:iron_leggings":1,"minecraft:gold_ingot":70,"minecraft:torch":80,"minecraft:shears":1}},"DataVersion":2586}