{"stats":{"minecraft:killed_by":{"minecraft:player":1,"minecraft:skeleton":1,"minecraft:creeper":1,"mowziesmobs:barakoana":1},"minecraft:dropped":{"minecraft:gravel":3,"minecraft:wheat_seeds":1,"minecraft:oak_log":1,"minecraft:granite":28,"minecraft:dirt":4,"minecraft:arrow":1},"minecraft:used":{"vanillahammers:stone_hammer":182,"minecraft:diorite":4,"vanillahammers:coal_hammer":18,"minecraft:stone_pickaxe":33,"minecraft:oak_planks":14,"minecraft:shield":6,"minecraft:chest":2,"minecraft:wooden_pickaxe":30,"minecraft:torch":1,"minecraft:dirt":18,"minecraft:mutton":3,"minecraft:crafting_table":7,"minecraft:apple":1,"minecraft:iron_axe":37,"minecraft:bread":19,"minecraft:stone_axe":44,"minecraft:cobblestone":30,"minecraft:beef":1,"minecraft:furnace":2,"vanillahammers:wood_hammer":2,"minecraft:yellow_bed":2},"minecraft:custom":{"minecraft:interact_with_furnace":14,"minecraft:interact_with_anvil":2,"minecraft:mob_kills":21,"minecraft:inspect_hopper":1,"minecraft:interact_with_crafting_table":25,"minecraft:interact_with_cartography_table":1,"minecraft:open_barrel":7,"minecraft:play_one_minute":94079,"minecraft:bell_ring":2,"minecraft:time_since_death":49948,"minecraft:climb_one_cm":4646,"minecraft:time_since_rest":49995,"minecraft:sprint_one_cm":254911,"minecraft:damage_taken":2630,"minecraft:walk_one_cm":252974,"minecraft:damage_blocked_by_shield":450,"minecraft:drop":7,"minecraft:damage_dealt":2703,"minecraft:swim_one_cm":48804,"minecraft:talked_to_villager":2,"minecraft:fly_one_cm":405427,"minecraft:player_kills":1,"minecraft:open_chest":20,"minecraft:crouch_one_cm":13536,"minecraft:deaths":7,"minecraft:sneak_time":4888,"minecraft:walk_under_water_one_cm":1507,"minecraft:jump":2071,"minecraft:interact_with_blast_furnace":2,"minecraft:walk_on_water_one_cm":12493,"minecraft:fall_one_cm":57808},"minecraft:killed":{"mowziesmobs:barakoan_barakoana":4,"minecraft:pig":1,"minecraft:zombie_villager":1,"minecraft:vindicator":1,"minecraft:spider":1,"minecraft:sheep":6,"minecraft:skeleton":1,"minecraft:zombie":2,"minecraft:cow":3},"minecraft:broken":{"vanillahammers:stone_hammer":1},"minecraft:picked_up":{"minecraft:wooden_axe":1,"minecraft:stripped_oak_log":1,"minecraft:cocoa_beans":2,"minecraft:crafting_table":2,"minecraft:andesite":14,"minecraft:leather":3,"mowziesmobs:barakoa_mask_fury":1,"minecraft:wooden_pickaxe":1,"minecraft:oak_log":48,"minecraft:yellow_bed":2,"vanillahammers:wood_hammer":1,"minecraft:dirt":48,"minecraft:wooden_sword":1,"minecraft:bone":4,"minecraft:apple":2,"minecraft:wheat_seeds":7,"minecraft:cartography_table":1,"minecraft:grindstone":2,"minecraft:iron_ingot":1,"minecraft:beef":8,"minecraft:stone_pickaxe":2,"minecraft:iron_ore":60,"minecraft:light_gray_wool":1,"minecraft:oak_planks":71,"minecraft:stick":6,"minecraft:oak_fence":2,"minecraft:torch":1,"minecraft:dandelion":1,"minecraft:gravel":3,"minecraft:porkchop":1,"minecraft:sand":2,"mowziesmobs:barakoa_mask_bliss":1,"minecraft:spruce_sapling":4,"minecraft:diorite":77,"minecraft:spruce_log":16,"minecraft:orange_bed":1,"minecraft:arrow":1,"minecraft:rotten_flesh":4,"minecraft:diamond":1,"minecraft:stone_axe":2,"minecraft:pumpkin_pie":2,"minecraft:iron_helmet":1,"mowziesmobs:barakoa_mask_fear":1,"minecraft:granite":32,"minecraft:gold_ingot":5,"minecraft:emerald":2,"minecraft:bread":68,"minecraft:oak_sapling":4,"minecraft:mutton":11,"minecraft:coal":139,"minecraft:white_wool":7,"minecraft:cobblestone":1210},"minecraft:mined":{"minecraft:dandelion":1,"minecraft:crafting_table":1,"minecraft:granite":34,"minecraft:grass_block":12,"minecraft:dead_bush":1,"minecraft:tall_grass":1,"minecraft:spruce_leaves":16,"minecraft:grindstone":2,"minecraft:cartography_table":1,"minecraft:diorite":80,"minecraft:wall_torch":1,"minecraft:iron_ore":62,"minecraft:spruce_log":8,"minecraft:andesite":13,"minecraft:yellow_bed":1,"minecraft:grass":18,"minecraft:coal_ore":124,"minecraft:oak_log":47,"minecraft:gravel":4,"minecraft:sand":2,"minecraft:dirt":3,"minecraft:stone":1232,"minecraft:oak_leaves":18,"minecraft:orange_bed":1},"minecraft:crafted":{"minecraft:coal_block":2,"minecraft:oak_planks":188,"minecraft:crafting_table":8,"minecraft:wooden_pickaxe":3,"minecraft:iron_helmet":1,"minecraft:furnace":2,"minecraft:stone_axe":1,"minecraft:air":0,"vanillahammers:stone_hammer":3,"minecraft:iron_boots":1,"minecraft:iron_chestplate":1,"minecraft:shield":1,"minecraft:iron_axe":1,"minecraft:stick":32,"minecraft:iron_ingot":53,"minecraft:stone_pickaxe":2,"minecraft:wooden_axe":1,"vanillahammers:coal_hammer":1,"minecraft:chest":2,"minecraft:iron_leggings":1}},"DataVersion":2586}