{"stats":{"minecraft:dropped":{"minecraft:wooden_pickaxe":1},"minecraft:used":{"minecraft:stone_pickaxe":17,"minecraft:wooden_pickaxe":3,"minecraft:stone_axe":18,"minecraft:crafting_table":2,"minecraft:furnace":1,"minecraft:cooked_beef":2},"minecraft:custom":{"minecraft:time_since_rest":9433,"minecraft:interact_with_furnace":7,"minecraft:sprint_one_cm":30229,"minecraft:damage_taken":230,"minecraft:walk_one_cm":48132,"minecraft:mob_kills":8,"minecraft:drop":1,"minecraft:damage_dealt":634,"minecraft:interact_with_crafting_table":7,"minecraft:fly_one_cm":22745,"minecraft:crouch_one_cm":154,"minecraft:play_one_minute":9433,"minecraft:sneak_time":50,"minecraft:jump":191,"minecraft:walk_on_water_one_cm":308,"minecraft:time_since_death":9433,"minecraft:fall_one_cm":4325},"minecraft:killed":{"minecraft:sheep":1,"minecraft:pig":3,"minecraft:chicken":1,"minecraft:cow":2},"minecraft:picked_up":{"minecraft:crafting_table":1,"minecraft:feather":2,"minecraft:chicken":1,"minecraft:leather":2,"minecraft:porkchop":6,"minecraft:oak_log":12,"minecraft:peony":1,"minecraft:beef":4,"minecraft:sugar_cane":3,"minecraft:mutton":1,"minecraft:coal":1,"minecraft:white_wool":1,"minecraft:cobblestone":19},"minecraft:mined":{"minecraft:birch_leaves":1,"minecraft:peony":1,"minecraft:crafting_table":1,"minecraft:coal_ore":1,"minecraft:oak_log":12,"minecraft:tall_grass":1,"minecraft:stone":19,"minecraft:sugar_cane":1,"minecraft:oak_leaves":1},"minecraft:crafted":{"minecraft:cooked_beef":4,"minecraft:oak_planks":48,"minecraft:crafting_table":1,"minecraft:stick":12,"minecraft:wooden_pickaxe":1,"minecraft:stone_pickaxe":1,"minecraft:furnace":1,"minecraft:stone_axe":1,"minecraft:air":0}},"DataVersion":2586}