{"stats":{"minecraft:killed_by":{"minecraft:zombie_villager":1},"minecraft:dropped":{"minecraft:wheat_seeds":393,"minecraft:crossbow":1,"minecraft:wooden_pickaxe":1},"minecraft:used":{"minecraft:stone_pickaxe":52,"minecraft:oak_planks":35,"minecraft:shield":5,"minecraft:chest":1,"minecraft:wooden_pickaxe":3,"minecraft:cooked_chicken":3,"minecraft:oak_door":1,"minecraft:torch":1,"minecraft:dirt":20,"minecraft:crafting_table":3,"minecraft:white_bed":1,"minecraft:stone_axe":68,"minecraft:cobblestone":7,"minecraft:furnace":3,"minecraft:cooked_porkchop":1,"minecraft:cooked_beef":4},"minecraft:custom":{"minecraft:interact_with_furnace":21,"minecraft:mob_kills":29,"minecraft:interact_with_crafting_table":13,"minecraft:play_one_minute":33433,"minecraft:time_since_death":16452,"minecraft:climb_one_cm":1916,"minecraft:time_since_rest":16495,"minecraft:sprint_one_cm":184522,"minecraft:damage_taken":730,"minecraft:walk_one_cm":109067,"minecraft:damage_blocked_by_shield":190,"minecraft:drop":10,"minecraft:damage_dealt":2776,"minecraft:swim_one_cm":30130,"minecraft:fly_one_cm":137839,"minecraft:open_chest":3,"minecraft:crouch_one_cm":2658,"minecraft:deaths":1,"minecraft:sneak_time":931,"minecraft:walk_under_water_one_cm":1015,"minecraft:jump":767,"minecraft:walk_on_water_one_cm":8698,"minecraft:fall_one_cm":18191},"minecraft:killed":{"minecraft:pig":7,"minecraft:sheep":4,"minecraft:skeleton":2,"minecraft:pillager":3,"minecraft:chicken":5,"minecraft:cow":6},"minecraft:picked_up":{"minecraft:crafting_table":3,"minecraft:wheat":512,"minecraft:feather":10,"minecraft:chicken":8,"minecraft:leather":6,"minecraft:oak_log":16,"minecraft:dirt":21,"minecraft:bone":8,"minecraft:bow":2,"minecraft:wheat_seeds":1293,"minecraft:beef":11,"minecraft:stone_pickaxe":1,"minecraft:iron_ore":4,"minecraft:sugar_cane":6,"minecraft:oak_planks":38,"minecraft:furnace":4,"minecraft:stick":6,"minecraft:cooked_porkchop":2,"minecraft:acacia_log":2,"minecraft:porkchop":34,"minecraft:arrow":6,"minecraft:rotten_flesh":4,"minecraft:stone_axe":1,"minecraft:peony":1,"minecraft:crossbow":1,"minecraft:black_wool":1,"minecraft:mutton":7,"minecraft:coal":67,"minecraft:white_wool":4,"minecraft:cobblestone":26},"minecraft:mined":{"minecraft:dark_oak_leaves":1,"minecraft:crafting_table":2,"minecraft:acacia_log":2,"minecraft:grass_block":5,"minecraft:tall_grass":1,"minecraft:oak_planks":3,"minecraft:sugar_cane":1,"minecraft:furnace":2,"minecraft:iron_ore":4,"minecraft:wheat":532,"minecraft:birch_leaves":1,"minecraft:peony":1,"minecraft:grass":7,"minecraft:oak_log":16,"minecraft:coal_ore":24,"minecraft:dirt":18,"minecraft:stone":24,"minecraft:oak_leaves":5},"minecraft:crafted":{"minecraft:cooked_beef":4,"minecraft:oak_door":3,"minecraft:oak_planks":64,"minecraft:cooked_porkchop":12,"minecraft:crafting_table":2,"minecraft:wooden_pickaxe":1,"minecraft:cooked_chicken":4,"minecraft:furnace":1,"minecraft:stone_axe":1,"minecraft:air":0,"minecraft:shield":1,"minecraft:stick":12,"minecraft:iron_ingot":4,"minecraft:iron_pickaxe":1,"minecraft:stone_pickaxe":1,"minecraft:chest":1,"minecraft:white_bed":1,"minecraft:acacia_planks":8,"minecraft:torch":4}},"DataVersion":2586}