{"stats":{"minecraft:dropped":{"minecraft:bread":261,"minecraft:wheat_seeds":534,"minecraft:lapis_lazuli":4,"minecraft:glass_bottle":5,"minecraft:golden_horse_armor":1,"minecraft:crafting_table":1,"minecraft:crossbow":3,"minecraft:saddle":1,"minecraft:coal":29,"minecraft:golden_apple":2,"minecraft:stick":2,"minecraft:dirt":2,"minecraft:torch":1,"minecraft:potion":1,"minecraft:sand":19,"minecraft:white_banner":3,"minecraft:iron_axe":1,"minecraft:iron_pickaxe":3,"minecraft:string":6,"minecraft:bone":18,"minecraft:sugar_cane":2,"minecraft:wheat":20,"minecraft:rotten_flesh":10,"minecraft:oak_planks":21,"minecraft:filled_map":2,"minecraft:gunpowder":1,"minecraft:andesite":2,"minecraft:oak_sapling":4,"minecraft:spider_eye":1,"minecraft:bow":2,"minecraft:arrow":1,"minecraft:wooden_pickaxe":1,"minecraft:dark_prismarine":4,"minecraft:terracotta":1},"minecraft:used":{"minecraft:chest":4,"minecraft:shield":52,"minecraft:iron_sword":324,"minecraft:cooked_chicken":3,"minecraft:oak_door":1,"minecraft:torch":197,"minecraft:dirt":22,"minecraft:white_carpet":1,"minecraft:spruce_stairs":2,"minecraft:lava_bucket":12,"minecraft:iron_axe":97,"minecraft:stone_brick_stairs":1,"minecraft:bow":10,"minecraft:oak_sapling":1,"minecraft:furnace":3,"minecraft:acacia_wood":1,"minecraft:cooked_beef":4,"minecraft:water_bucket":86,"minecraft:stone_pickaxe":77,"minecraft:oak_planks":37,"minecraft:wooden_pickaxe":3,"minecraft:golden_apple":4,"minecraft:sand":21,"minecraft:oak_slab":8,"minecraft:tnt":2,"minecraft:crafting_table":8,"minecraft:crossbow":1,"minecraft:white_bed":2,"minecraft:dark_prismarine":3,"minecraft:bread":143,"minecraft:iron_pickaxe":240,"minecraft:lectern":5,"minecraft:stone_axe":99,"minecraft:cobblestone":83,"minecraft:cooked_porkchop":4,"minecraft:bucket":99,"minecraft:yellow_bed":4},"minecraft:custom":{"minecraft:mob_kills":138,"minecraft:interact_with_crafting_table":36,"minecraft:open_barrel":33,"minecraft:leave_game":10,"minecraft:time_since_death":85814,"minecraft:climb_one_cm":12137,"minecraft:sprint_one_cm":1490219,"minecraft:walk_one_cm":698850,"minecraft:damage_blocked_by_shield":1740,"minecraft:drop":97,"minecraft:play_noteblock":3,"minecraft:talked_to_villager":15,"minecraft:raid_win":1,"minecraft:deaths":4,"minecraft:sneak_time":8264,"minecraft:walk_under_water_one_cm":38289,"minecraft:jump":6586,"minecraft:interact_with_blast_furnace":1,"minecraft:walk_on_water_one_cm":53344,"minecraft:interact_with_furnace":33,"minecraft:traded_with_villager":1,"minecraft:play_one_minute":286299,"minecraft:raid_trigger":1,"minecraft:interact_with_stonecutter":1,"minecraft:sleep_in_bed":5,"minecraft:time_since_rest":6579,"minecraft:damage_taken":7397,"minecraft:damage_absorbed":161,"minecraft:damage_dealt":23683,"minecraft:swim_one_cm":73096,"minecraft:fly_one_cm":1669868,"minecraft:open_chest":167,"minecraft:crouch_one_cm":24570,"minecraft:fall_one_cm":209853,"minecraft:horse_one_cm":2349847},"minecraft:killed_by":{"minecraft:zombie_villager":2,"minecraft:player":1,"minecraft:creeper":1},"minecraft:picked_up":{"minecraft:crafting_table":7,"minecraft:iron_chestplate":3,"minecraft:cocoa_beans":2,"minecraft:wheat":1999,"minecraft:ladder":3,"minecraft:chicken":8,"minecraft:gold_block":2,"minecraft:potion":1,"minecraft:enchanted_book":2,"minecraft:stone_brick_stairs":1,"minecraft:shield":3,"minecraft:string":9,"minecraft:dark_oak_trapdoor":2,"minecraft:iron_axe":3,"minecraft:smooth_stone_slab":1,"minecraft:iron_leggings":2,"minecraft:white_carpet":1,"minecraft:smooth_stone":2,"minecraft:beef":17,"minecraft:poppy":2,"minecraft:iron_pickaxe":7,"minecraft:chest":1,"minecraft:lectern":7,"minecraft:sugar_cane":96,"minecraft:iron_boots":2,"minecraft:furnace":4,"minecraft:stick":12,"minecraft:sandstone":6,"minecraft:torch":20,"minecraft:acacia_log":5,"minecraft:spruce_stairs":2,"minecraft:note_block":3,"minecraft:porkchop":34,"minecraft:stone_pressure_plate":6,"minecraft:tnt":119,"minecraft:arrow":26,"minecraft:rotten_flesh":20,"minecraft:peony":1,"mowziesmobs:barakoa_mask_fear":4,"minecraft:stripped_dark_oak_wood":2,"minecraft:saddle":1,"minecraft:gold_ingot":67,"minecraft:mutton":13,"minecraft:white_wool":7,"minecraft:cobblestone":242,"minecraft:feather":10,"minecraft:water_bucket":2,"minecraft:andesite":2,"minecraft:leather":6,"minecraft:acacia_wood":1,"minecraft:filled_map":2,"minecraft:oak_log":23,"minecraft:cobblestone_wall":5,"minecraft:yellow_bed":6,"minecraft:gunpowder":9,"minecraft:dirt":50,"minecraft:paper":194,"minecraft:white_banner":4,"minecraft:bone":163,"minecraft:acacia_planks":6,"minecraft:apple":24,"minecraft:bow":4,"minecraft:wheat_seeds":1480,"minecraft:iron_ingot":288,"minecraft:grindstone":2,"minecraft:stone_pickaxe":2,"minecraft:iron_ore":16,"minecraft:glass_bottle":6,"minecraft:iron_sword":2,"minecraft:oak_planks":61,"minecraft:book":118,"minecraft:oak_slab":8,"minecraft:cooked_porkchop":2,"minecraft:sand":40,"minecraft:spruce_log":6,"minecraft:white_bed":1,"minecraft:spider_eye":2,"minecraft:dark_prismarine":8,"minecraft:diamond":8,"minecraft:stone_axe":2,"minecraft:iron_helmet":2,"minecraft:crossbow":3,"minecraft:golden_apple":12,"minecraft:bread":1079,"minecraft:emerald":144,"minecraft:terracotta":1,"minecraft:oak_sapling":5,"minecraft:netherrack":2,"minecraft:black_wool":1,"minecraft:coal":140},"minecraft:mined":{"minecraft:dark_prismarine":15,"minecraft:stone_pressure_plate":7,"minecraft:white_bed":1,"minecraft:dark_oak_leaves":1,"minecraft:acacia_log":5,"minecraft:grass_block":28,"minecraft:jungle_planks":2,"minecraft:sandstone":11,"minecraft:furnace":2,"minecraft:iron_ore":15,"minecraft:fire":2,"minecraft:chiseled_sandstone":1,"minecraft:acacia_wood":1,"minecraft:andesite":6,"minecraft:gold_block":2,"minecraft:peony":1,"minecraft:bookshelf":14,"minecraft:stripped_oak_log":1,"minecraft:stone":83,"minecraft:cut_sandstone":24,"minecraft:glass_pane":1,"minecraft:orange_terracotta":1,"minecraft:torch":6,"minecraft:crafting_table":5,"minecraft:note_block":2,"minecraft:poppy":1,"minecraft:chest":1,"minecraft:lectern":5,"minecraft:tall_grass":3,"minecraft:cobblestone":19,"minecraft:sugar_cane":59,"minecraft:oak_planks":12,"minecraft:wall_torch":7,"minecraft:seagrass":2,"minecraft:birch_planks":1,"minecraft:cactus":2,"minecraft:cobblestone_wall":2,"minecraft:wheat":2028,"minecraft:spruce_log":7,"minecraft:birch_leaves":1,"minecraft:tnt":47,"minecraft:white_wall_banner":1,"minecraft:yellow_bed":4,"minecraft:grass":20,"minecraft:oak_log":23,"minecraft:coal_ore":66,"minecraft:sand":40,"minecraft:dirt":26,"minecraft:terracotta":1,"minecraft:acacia_planks":1,"minecraft:stone_bricks":8,"minecraft:netherrack":2,"minecraft:oak_leaves":5},"minecraft:killed":{"mowziesmobs:barakoan_barakoana":2,"minecraft:witch":4,"minecraft:spider":7,"minecraft:vindicator":3,"minecraft:skeleton":28,"minecraft:chicken":5,"minecraft:illusioner":1,"minecraft:husk":5,"minecraft:pig":7,"minecraft:zombie_villager":3,"minecraft:ravager":1,"minecraft:creeper":6,"minecraft:sheep":4,"minecraft:pillager":37,"minecraft:zombie":12,"mowziesmobs:barakoana":1,"minecraft:cow":6},"minecraft:broken":{"minecraft:iron_boots":1,"minecraft:stone_axe":1,"minecraft:iron_helmet":1},"minecraft:crafted":{"minecraft:oak_door":3,"minecraft:oak_planks":92,"minecraft:cooked_chicken":4,"minecraft:furnace":1,"minecraft:cooked_mutton":11,"minecraft:iron_axe":1,"minecraft:stone_pickaxe":1,"minecraft:chest":3,"minecraft:cooked_beef":17,"minecraft:cooked_porkchop":12,"minecraft:crafting_table":5,"minecraft:spruce_planks":24,"minecraft:wooden_pickaxe":1,"minecraft:iron_helmet":1,"minecraft:iron_sword":1,"minecraft:bucket":1,"minecraft:stone_axe":2,"minecraft:enchanted_book":1,"minecraft:bread":640,"minecraft:air":0,"minecraft:paper":86,"minecraft:shield":2,"minecraft:stick":84,"minecraft:iron_ingot":4,"minecraft:iron_pickaxe":1,"minecraft:iron_leggings":1,"minecraft:gold_ingot":4,"minecraft:white_bed":1,"minecraft:acacia_planks":20,"minecraft:torch":212}},"DataVersion":2586}