{"stats":{"minecraft:killed_by":{"minecraft:zombie_villager":1,"minecraft:creeper":1},"minecraft:dropped":{"minecraft:bread":64,"minecraft:wheat_seeds":393,"minecraft:crossbow":2,"minecraft:rotten_flesh":2,"minecraft:wooden_pickaxe":1},"minecraft:used":{"minecraft:stone_pickaxe":55,"minecraft:oak_planks":36,"minecraft:shield":11,"minecraft:chest":1,"minecraft:wooden_pickaxe":3,"minecraft:cooked_chicken":3,"minecraft:oak_door":1,"minecraft:torch":3,"minecraft:dirt":20,"minecraft:crafting_table":3,"minecraft:crossbow":1,"minecraft:white_bed":1,"minecraft:bread":5,"minecraft:stone_axe":93,"minecraft:cobblestone":9,"minecraft:furnace":3,"minecraft:cooked_porkchop":4,"minecraft:cooked_beef":4},"minecraft:custom":{"minecraft:interact_with_furnace":25,"minecraft:mob_kills":38,"minecraft:interact_with_crafting_table":21,"minecraft:play_one_minute":45433,"minecraft:time_since_death":2395,"minecraft:sleep_in_bed":1,"minecraft:climb_one_cm":1916,"minecraft:time_since_rest":2419,"minecraft:sprint_one_cm":251382,"minecraft:damage_taken":1500,"minecraft:walk_one_cm":155806,"minecraft:damage_blocked_by_shield":380,"minecraft:drop":14,"minecraft:damage_dealt":4586,"minecraft:swim_one_cm":32493,"minecraft:fly_one_cm":190130,"minecraft:open_chest":14,"minecraft:crouch_one_cm":2768,"minecraft:deaths":2,"minecraft:sneak_time":1047,"minecraft:walk_under_water_one_cm":1221,"minecraft:jump":1003,"minecraft:walk_on_water_one_cm":10705,"minecraft:fall_one_cm":22844},"minecraft:killed":{"minecraft:pig":7,"minecraft:creeper":1,"minecraft:sheep":4,"minecraft:skeleton":2,"minecraft:pillager":9,"minecraft:zombie":2,"minecraft:chicken":5,"minecraft:cow":6},"minecraft:broken":{"minecraft:stone_axe":1},"minecraft:picked_up":{"minecraft:crafting_table":3,"minecraft:wheat":892,"minecraft:feather":10,"minecraft:chicken":8,"minecraft:leather":6,"minecraft:oak_log":16,"minecraft:shield":1,"minecraft:gunpowder":2,"minecraft:dirt":38,"minecraft:bone":8,"minecraft:acacia_planks":6,"minecraft:bow":2,"minecraft:wheat_seeds":1295,"minecraft:beef":11,"minecraft:stone_pickaxe":2,"minecraft:iron_ore":4,"minecraft:sugar_cane":6,"minecraft:oak_planks":39,"minecraft:furnace":4,"minecraft:stick":8,"minecraft:cooked_porkchop":2,"minecraft:torch":1,"minecraft:acacia_log":4,"minecraft:porkchop":34,"minecraft:arrow":11,"minecraft:rotten_flesh":6,"minecraft:stone_axe":2,"minecraft:peony":1,"minecraft:crossbow":2,"minecraft:bread":86,"minecraft:black_wool":1,"minecraft:mutton":7,"minecraft:coal":67,"minecraft:white_wool":4,"minecraft:cobblestone":90},"minecraft:mined":{"minecraft:dark_oak_leaves":1,"minecraft:crafting_table":2,"minecraft:acacia_log":4,"minecraft:grass_block":7,"minecraft:poppy":1,"minecraft:cobblestone":3,"minecraft:tall_grass":1,"minecraft:oak_planks":4,"minecraft:sugar_cane":1,"minecraft:furnace":2,"minecraft:iron_ore":4,"minecraft:wheat":919,"minecraft:birch_leaves":1,"minecraft:peony":1,"minecraft:grass":8,"minecraft:oak_log":16,"minecraft:coal_ore":24,"minecraft:dirt":18,"minecraft:stone":24,"minecraft:oak_leaves":5},"minecraft:crafted":{"minecraft:cooked_beef":11,"minecraft:oak_door":3,"minecraft:oak_planks":64,"minecraft:cooked_porkchop":12,"minecraft:crafting_table":2,"minecraft:wooden_pickaxe":1,"minecraft:cooked_chicken":4,"minecraft:furnace":1,"minecraft:stone_axe":2,"minecraft:cooked_mutton":5,"minecraft:bread":282,"minecraft:air":0,"minecraft:shield":1,"minecraft:stick":16,"minecraft:iron_ingot":4,"minecraft:iron_pickaxe":1,"minecraft:stone_pickaxe":1,"minecraft:chest":1,"minecraft:white_bed":1,"minecraft:acacia_planks":16,"minecraft:torch":4}},"DataVersion":2586}