{"stats":{"minecraft:dropped":{"minecraft:wooden_pickaxe":1},"minecraft:killed_by":{"minecraft:zombie_villager":1},"minecraft:used":{"minecraft:stone_pickaxe":41,"minecraft:wooden_pickaxe":3,"minecraft:stone_axe":44,"minecraft:dirt":3,"minecraft:crafting_table":2,"minecraft:furnace":1,"minecraft:cooked_beef":4},"minecraft:custom":{"minecraft:time_since_rest":4495,"minecraft:interact_with_furnace":8,"minecraft:sprint_one_cm":139343,"minecraft:damage_taken":580,"minecraft:walk_one_cm":67390,"minecraft:mob_kills":20,"minecraft:drop":1,"minecraft:damage_dealt":1784,"minecraft:swim_one_cm":28943,"minecraft:interact_with_crafting_table":7,"minecraft:fly_one_cm":97461,"minecraft:crouch_one_cm":154,"minecraft:play_one_minute":21433,"minecraft:deaths":1,"minecraft:sneak_time":51,"minecraft:walk_under_water_one_cm":881,"minecraft:jump":566,"minecraft:walk_on_water_one_cm":5430,"minecraft:time_since_death":4452,"minecraft:climb_one_cm":1418,"minecraft:fall_one_cm":13387},"minecraft:killed":{"minecraft:sheep":2,"minecraft:skeleton":2,"minecraft:pig":7,"minecraft:chicken":5,"minecraft:cow":2},"minecraft:picked_up":{"minecraft:crafting_table":2,"minecraft:wheat":46,"minecraft:feather":5,"minecraft:chicken":4,"minecraft:leather":2,"minecraft:porkchop":16,"minecraft:oak_log":12,"minecraft:dirt":3,"minecraft:bone":4,"minecraft:arrow":3,"minecraft:rotten_flesh":2,"minecraft:wheat_seeds":133,"minecraft:bow":1,"minecraft:peony":1,"minecraft:beef":4,"minecraft:black_wool":1,"minecraft:sugar_cane":3,"minecraft:mutton":2,"minecraft:coal":24,"minecraft:white_wool":1,"minecraft:cobblestone":19,"minecraft:furnace":1},"minecraft:mined":{"minecraft:furnace":1,"minecraft:dark_oak_leaves":1,"minecraft:wheat":64,"minecraft:birch_leaves":1,"minecraft:peony":1,"minecraft:crafting_table":2,"minecraft:grass":7,"minecraft:grass_block":1,"minecraft:coal_ore":24,"minecraft:oak_log":12,"minecraft:dirt":2,"minecraft:tall_grass":1,"minecraft:stone":19,"minecraft:sugar_cane":1,"minecraft:oak_leaves":2},"minecraft:crafted":{"minecraft:cooked_beef":4,"minecraft:oak_planks":48,"minecraft:cooked_porkchop":2,"minecraft:crafting_table":1,"minecraft:stick":12,"minecraft:wooden_pickaxe":1,"minecraft:stone_pickaxe":1,"minecraft:furnace":1,"minecraft:stone_axe":1,"minecraft:air":0}},"DataVersion":2586}