{"stats":{"minecraft:killed_by":{"minecraft:zombie_villager":1,"minecraft:creeper":1},"minecraft:dropped":{"minecraft:bread":64,"minecraft:wheat_seeds":393,"minecraft:crossbow":2,"minecraft:rotten_flesh":2,"minecraft:wooden_pickaxe":1},"minecraft:used":{"minecraft:stone_pickaxe":55,"minecraft:oak_planks":36,"minecraft:shield":13,"minecraft:chest":1,"minecraft:wooden_pickaxe":3,"minecraft:iron_sword":23,"minecraft:cooked_chicken":3,"minecraft:oak_door":1,"minecraft:torch":3,"minecraft:dirt":20,"minecraft:crafting_table":3,"minecraft:crossbow":1,"minecraft:white_bed":2,"minecraft:bread":14,"minecraft:stone_axe":95,"minecraft:cobblestone":9,"minecraft:bow":4,"minecraft:furnace":3,"minecraft:cooked_porkchop":4,"minecraft:cooked_beef":4},"minecraft:custom":{"minecraft:interact_with_furnace":25,"minecraft:mob_kills":46,"minecraft:interact_with_crafting_table":21,"minecraft:open_barrel":11,"minecraft:play_one_minute":57433,"minecraft:time_since_death":14395,"minecraft:sleep_in_bed":1,"minecraft:climb_one_cm":5375,"minecraft:time_since_rest":14419,"minecraft:sprint_one_cm":349987,"minecraft:damage_taken":1733,"minecraft:walk_one_cm":197255,"minecraft:damage_blocked_by_shield":490,"minecraft:drop":14,"minecraft:damage_dealt":5717,"minecraft:play_noteblock":3,"minecraft:swim_one_cm":36536,"minecraft:fly_one_cm":291426,"minecraft:open_chest":19,"minecraft:crouch_one_cm":3692,"minecraft:deaths":2,"minecraft:sneak_time":1337,"minecraft:walk_under_water_one_cm":1852,"minecraft:jump":1366,"minecraft:interact_with_blast_furnace":1,"minecraft:walk_on_water_one_cm":11975,"minecraft:fall_one_cm":32216},"minecraft:killed":{"mowziesmobs:barakoan_barakoana":2,"minecraft:pig":7,"minecraft:witch":1,"minecraft:vindicator":1,"minecraft:creeper":1,"minecraft:sheep":4,"minecraft:skeleton":2,"minecraft:pillager":13,"minecraft:zombie":2,"mowziesmobs:barakoana":1,"minecraft:chicken":5,"minecraft:cow":6},"minecraft:broken":{"minecraft:stone_axe":1},"minecraft:picked_up":{"minecraft:crafting_table":3,"minecraft:wheat":893,"minecraft:feather":10,"minecraft:chicken":8,"minecraft:leather":6,"minecraft:oak_log":16,"minecraft:shield":1,"minecraft:gunpowder":2,"minecraft:dirt":39,"minecraft:dark_oak_trapdoor":2,"minecraft:bone":8,"minecraft:acacia_planks":6,"minecraft:bow":3,"minecraft:wheat_seeds":1299,"minecraft:smooth_stone":1,"minecraft:beef":11,"minecraft:stone_pickaxe":2,"minecraft:iron_ore":4,"minecraft:glass_bottle":3,"minecraft:sugar_cane":34,"minecraft:oak_planks":39,"minecraft:furnace":4,"minecraft:stick":8,"minecraft:cooked_porkchop":2,"minecraft:torch":1,"minecraft:acacia_log":4,"minecraft:note_block":1,"minecraft:porkchop":34,"minecraft:white_bed":1,"minecraft:arrow":12,"minecraft:rotten_flesh":6,"minecraft:stone_axe":2,"minecraft:peony":1,"mowziesmobs:barakoa_mask_fear":1,"minecraft:crossbow":2,"minecraft:stripped_dark_oak_wood":2,"minecraft:emerald":20,"minecraft:bread":86,"minecraft:black_wool":1,"minecraft:mutton":7,"minecraft:coal":67,"minecraft:white_wool":4,"minecraft:cobblestone":90},"minecraft:mined":{"minecraft:white_bed":1,"minecraft:dark_oak_leaves":1,"minecraft:crafting_table":2,"minecraft:note_block":2,"minecraft:acacia_log":4,"minecraft:grass_block":8,"minecraft:poppy":1,"minecraft:cobblestone":3,"minecraft:tall_grass":1,"minecraft:oak_planks":4,"minecraft:sugar_cane":16,"minecraft:furnace":2,"minecraft:iron_ore":4,"minecraft:wheat":919,"minecraft:birch_leaves":1,"minecraft:yellow_bed":1,"minecraft:peony":1,"minecraft:grass":13,"minecraft:oak_log":16,"minecraft:coal_ore":24,"minecraft:dirt":18,"minecraft:stone":24,"minecraft:oak_leaves":5},"minecraft:crafted":{"minecraft:cooked_beef":11,"minecraft:oak_door":3,"minecraft:oak_planks":64,"minecraft:cooked_porkchop":12,"minecraft:crafting_table":2,"minecraft:wooden_pickaxe":1,"minecraft:cooked_chicken":4,"minecraft:furnace":1,"minecraft:stone_axe":2,"minecraft:cooked_mutton":5,"minecraft:bread":282,"minecraft:air":0,"minecraft:shield":1,"minecraft:stick":16,"minecraft:iron_ingot":4,"minecraft:iron_pickaxe":1,"minecraft:stone_pickaxe":1,"minecraft:chest":1,"minecraft:white_bed":1,"minecraft:acacia_planks":16,"minecraft:torch":4}},"DataVersion":2586}