{"stats":{"minecraft:killed_by":{"minecraft:pillager":1},"minecraft:dropped":{"minecraft:bread":5,"minecraft:wheat_seeds":1,"minecraft:wooden_axe":1},"minecraft:used":{"minecraft:redstone_torch":3,"minecraft:wooden_axe":69,"vanillahammers:iron_hammer":3,"minecraft:iron_axe":9,"minecraft:bread":1,"minecraft:oak_planks":9,"minecraft:spruce_planks":10,"minecraft:rotten_flesh":2,"minecraft:crimson_planks":2,"minecraft:salmon":1,"minecraft:mutton":3,"minecraft:tnt":1,"minecraft:crafting_table":5,"vanillahammers:wood_hammer":1,"minecraft:porkchop":3,"minecraft:jungle_planks":12,"minecraft:jungle_slab":2,"minecraft:white_bed":1},"minecraft:custom":{"minecraft:time_since_rest":3139,"minecraft:sprint_one_cm":19115,"minecraft:damage_taken":663,"minecraft:walk_one_cm":36326,"minecraft:mob_kills":6,"minecraft:drop":7,"minecraft:damage_dealt":550,"minecraft:swim_one_cm":50784,"minecraft:interact_with_crafting_table":7,"minecraft:fly_one_cm":40326,"minecraft:open_barrel":11,"minecraft:open_chest":3,"minecraft:play_one_minute":21640,"minecraft:crouch_one_cm":5915,"minecraft:deaths":1,"minecraft:sneak_time":3250,"minecraft:walk_under_water_one_cm":3809,"minecraft:jump":271,"minecraft:walk_on_water_one_cm":4677,"minecraft:time_since_death":12673,"minecraft:sleep_in_bed":1,"minecraft:climb_one_cm":1124,"minecraft:fall_one_cm":5517,"minecraft:inspect_dispenser":2},"minecraft:killed":{"minecraft:sheep":3,"minecraft:pillager":2,"minecraft:zombie":1},"minecraft:broken":{"minecraft:wooden_axe":1},"minecraft:picked_up":{"minecraft:wooden_axe":1,"minecraft:stick":1,"minecraft:crafting_table":1,"minecraft:spruce_stairs":4,"minecraft:jungle_planks":13,"minecraft:oak_log":6,"minecraft:crimson_planks":5,"minecraft:jungle_slab":28,"minecraft:barrel":3,"minecraft:rotten_flesh":2,"minecraft:spruce_wood":8,"minecraft:jungle_stairs":1,"minecraft:wheat_seeds":1,"minecraft:spruce_planks":37,"minecraft:granite":3,"minecraft:redstone_torch":1,"minecraft:mutton":5,"minecraft:white_wool":5,"minecraft:cobblestone":20},"minecraft:mined":{"minecraft:spruce_planks":39,"minecraft:jungle_slab":8,"minecraft:granite":3,"minecraft:crafting_table":1,"minecraft:jungle_stairs":2,"minecraft:grass":2,"minecraft:oak_log":6,"minecraft:jungle_planks":13,"minecraft:crimson_planks":6,"minecraft:stone":20,"minecraft:oak_leaves":10,"minecraft:redstone_wall_torch":2},"minecraft:crafted":{"minecraft:wooden_sword":1,"minecraft:oak_planks":24,"minecraft:shield":1,"minecraft:iron_axe":1,"minecraft:crafting_table":4,"minecraft:stick":20,"vanillahammers:iron_hammer":1,"minecraft:iron_block":2,"minecraft:iron_pickaxe":1,"minecraft:wooden_axe":2,"vanillahammers:wood_hammer":1,"minecraft:white_bed":1,"minecraft:redstone_torch":2}},"DataVersion":2586}