{"stats":{"minecraft:killed_by":{"minecraft:pillager":1,"mowziesmobs:ferrous_wroughtnaut":6},"minecraft:dropped":{"minecraft:iron_ingot":1,"minecraft:bread":5,"minecraft:wheat_seeds":6,"minecraft:crafting_table":1,"minecraft:cobblestone":10,"minecraft:emerald":6,"minecraft:diorite":1,"mowziesmobs:barakoa_mask_misery":1,"minecraft:mutton":2,"minecraft:wooden_axe":2,"minecraft:wooden_sword":1,"minecraft:white_wool":5,"minecraft:redstone":2,"minecraft:stone_axe":1,"vanillahammers:wood_hammer":2,"minecraft:light_gray_wool":1,"minecraft:oak_planks":19,"minecraft:jungle_stairs":1,"minecraft:andesite":1,"minecraft:stone_pickaxe":1},"minecraft:used":{"minecraft:spruce_planks":14,"minecraft:shield":7,"minecraft:rotten_flesh":7,"minecraft:mutton":3,"minecraft:jungle_planks":12,"minecraft:carrot":2,"minecraft:jungle_slab":28,"minecraft:wooden_axe":69,"minecraft:iron_axe":68,"minecraft:crimson_planks":2,"minecraft:barrel":6,"minecraft:furnace":6,"minecraft:cooked_mutton":5,"vanillahammers:iron_hammer":26,"minecraft:oak_planks":9,"minecraft:wooden_pickaxe":23,"minecraft:sandstone":7,"minecraft:cut_sandstone":3,"minecraft:salmon":1,"minecraft:sand":15,"minecraft:tnt":1,"minecraft:crafting_table":7,"minecraft:white_bed":4,"mowziesmobs:wrought_axe":27,"minecraft:redstone_torch":3,"minecraft:bread":8,"minecraft:iron_pickaxe":46,"minecraft:jungle_stairs":1,"minecraft:spruce_sapling":2,"minecraft:cobblestone":37,"minecraft:porkchop":3,"vanillahammers:wood_hammer":1,"minecraft:oak_boat":1},"minecraft:custom":{"minecraft:mob_kills":37,"minecraft:interact_with_crafting_table":13,"minecraft:open_barrel":26,"minecraft:leave_game":1,"minecraft:time_since_death":11235,"minecraft:climb_one_cm":1124,"minecraft:sprint_one_cm":193296,"minecraft:walk_one_cm":201128,"minecraft:damage_blocked_by_shield":150,"minecraft:drop":40,"minecraft:deaths":8,"minecraft:sneak_time":3424,"minecraft:walk_under_water_one_cm":4586,"minecraft:boat_one_cm":207054,"minecraft:jump":1478,"minecraft:walk_on_water_one_cm":8710,"minecraft:interact_with_furnace":46,"minecraft:play_one_minute":71248,"minecraft:sleep_in_bed":2,"minecraft:time_since_rest":11261,"minecraft:damage_taken":3139,"minecraft:damage_dealt":4934,"minecraft:swim_one_cm":52358,"minecraft:fly_one_cm":296299,"minecraft:open_chest":10,"minecraft:crouch_one_cm":6557,"minecraft:fall_one_cm":39461,"minecraft:inspect_dispenser":2},"minecraft:killed":{"mowziesmobs:barakoan_barakoana":7,"minecraft:spider":5,"minecraft:skeleton":2,"minecraft:husk":3,"minecraft:bat":1,"minecraft:creeper":1,"minecraft:sheep":7,"minecraft:pillager":2,"minecraft:zombie":8,"mowziesmobs:barakoana":1},"minecraft:broken":{"minecraft:wooden_axe":1},"minecraft:picked_up":{"minecraft:wooden_axe":1,"minecraft:crafting_table":10,"minecraft:iron_chestplate":6,"minecraft:wooden_pickaxe":2,"minecraft:gold_block":2,"minecraft:crimson_planks":5,"minecraft:shield":6,"minecraft:iron_axe":6,"minecraft:iron_leggings":6,"minecraft:spruce_planks":39,"minecraft:redstone_torch":1,"minecraft:iron_pickaxe":4,"minecraft:light_gray_wool":2,"minecraft:sugar_cane":16,"minecraft:iron_boots":7,"minecraft:furnace":4,"minecraft:stick":12,"minecraft:sandstone":7,"minecraft:spruce_stairs":8,"minecraft:diorite":2,"minecraft:carrot":1,"minecraft:redstone":2,"minecraft:tnt":19,"minecraft:arrow":1,"minecraft:rotten_flesh":11,"minecraft:jungle_stairs":2,"mowziesmobs:barakoa_mask_fear":2,"minecraft:gold_ingot":23,"vanillahammers:iron_hammer":5,"mowziesmobs:barakoa_mask_misery":3,"minecraft:mutton":12,"minecraft:white_wool":11,"minecraft:cobblestone":676,"minecraft:andesite":2,"minecraft:cut_sandstone":3,"mowziesmobs:barakoa_mask_fury":2,"minecraft:flint":6,"minecraft:oak_log":6,"vanillahammers:wood_hammer":1,"minecraft:gunpowder":26,"mowziesmobs:wrought_axe":1,"minecraft:dirt":3,"mowziesmobs:barakoa_mask_rage":2,"minecraft:bone":1,"minecraft:wheat_seeds":23,"minecraft:spruce_wood":80,"minecraft:stone_pickaxe":1,"minecraft:iron_ingot":29,"minecraft:iron_ore":28,"minecraft:oak_planks":37,"minecraft:milk_bucket":1,"minecraft:jungle_planks":13,"minecraft:sand":15,"mowziesmobs:wrought_helmet":1,"minecraft:spruce_sapling":2,"minecraft:white_bed":4,"minecraft:spruce_log":16,"minecraft:jungle_slab":28,"minecraft:barrel":9,"minecraft:diamond":6,"minecraft:stone_axe":1,"minecraft:iron_helmet":6,"minecraft:granite":6,"minecraft:bread":33,"minecraft:coal":99},"minecraft:mined":{"minecraft:spruce_planks":41,"minecraft:white_bed":4,"minecraft:jungle_slab":8,"minecraft:granite":3,"minecraft:grass_block":2,"minecraft:jungle_planks":13,"minecraft:sandstone":8,"minecraft:furnace":4,"minecraft:iron_ore":28,"minecraft:barrel":6,"minecraft:andesite":1,"minecraft:gold_block":1,"minecraft:stone":179,"minecraft:redstone_wall_torch":2,"minecraft:cut_sandstone":4,"minecraft:crafting_table":2,"minecraft:jungle_stairs":2,"minecraft:tall_grass":1,"minecraft:cobblestone":2,"minecraft:sugar_cane":5,"minecraft:diorite":2,"minecraft:tnt":9,"minecraft:grass":12,"minecraft:coal_ore":24,"minecraft:oak_log":6,"minecraft:sand":15,"minecraft:dirt":6,"minecraft:crimson_planks":6,"minecraft:oak_leaves":10},"minecraft:crafted":{"minecraft:wooden_sword":1,"minecraft:oak_planks":24,"minecraft:furnace":4,"minecraft:cooked_mutton":10,"minecraft:iron_axe":1,"minecraft:crafting_table":6,"vanillahammers:wood_hammer":1,"minecraft:air":0,"minecraft:oak_boat":1,"minecraft:shield":1,"minecraft:stick":20,"minecraft:iron_ingot":27,"minecraft:iron_pickaxe":1,"minecraft:wooden_axe":2,"vanillahammers:iron_hammer":1,"minecraft:iron_block":2,"minecraft:white_bed":1,"minecraft:redstone_torch":2}},"DataVersion":2586}