{"stats":{"minecraft:dropped":{"minecraft:acacia_boat":1,"minecraft:iron_sword":2,"minecraft:brown_mushroom":9,"minecraft:chorus_fruit":1,"minecraft:glass_bottle":2,"minecraft:crafting_table":2,"minecraft:dark_oak_slab":3,"minecraft:crossbow":2,"minecraft:emerald":7,"minecraft:dirt":9,"mowziesmobs:barakoa_mask_misery":1,"minecraft:mutton":2,"minecraft:wooden_sword":1,"minecraft:sugar":6,"minecraft:dark_oak_planks":2,"minecraft:fishing_rod":3,"minecraft:white_wool":11,"minecraft:cyan_carpet":1,"minecraft:bone":6,"minecraft:stone_axe":1,"minecraft:rotten_flesh":3,"minecraft:oak_planks":23,"minecraft:glowstone_dust":3,"minecraft:poppy":2,"minecraft:tipped_arrow":1,"minecraft:gunpowder":3,"minecraft:skeleton_skull":1,"minecraft:jungle_stairs":1,"minecraft:stone_brick_wall":1,"minecraft:iron_ore":1,"minecraft:arrow":12,"minecraft:purple_carpet":2,"minecraft:crimson_planks":1,"minecraft:iron_ingot":10,"minecraft:bread":5,"minecraft:wheat_seeds":9,"minecraft:cobblestone":10,"minecraft:spruce_stairs":1,"minecraft:coal":12,"minecraft:coal_block":2,"minecraft:gray_wool":1,"minecraft:diorite":1,"minecraft:wooden_axe":3,"minecraft:rose_bush":4,"minecraft:brown_wool":2,"minecraft:string":2,"minecraft:spruce_sapling":1,"minecraft:chiseled_sandstone":1,"minecraft:redstone":2,"minecraft:kelp":1,"vanillahammers:wood_hammer":2,"minecraft:light_gray_wool":1,"minecraft:spruce_fence":1,"minecraft:cyan_wool":2,"minecraft:orange_terracotta":1,"minecraft:spruce_planks":1,"minecraft:andesite":1,"minecraft:barrel":2,"minecraft:spider_eye":3,"minecraft:sandstone":8,"minecraft:bow":1,"minecraft:stone_pickaxe":1,"minecraft:wooden_pickaxe":1},"minecraft:used":{"minecraft:chest":2,"minecraft:shield":7,"minecraft:iron_sword":381,"minecraft:rotten_flesh":10,"minecraft:mutton":23,"securitycraft:keypad_item":1,"minecraft:jungle_planks":12,"minecraft:carrot":2,"minecraft:jungle_slab":28,"minecraft:obsidian":5,"minecraft:spruce_boat":1,"minecraft:glass":2,"vanillahammers:obsidian_hammer":71,"minecraft:bow":1,"minecraft:sweet_berries":4,"minecraft:furnace":6,"minecraft:dark_oak_stairs":1,"minecraft:oak_planks":32,"minecraft:wooden_pickaxe":47,"minecraft:sandstone":16,"minecraft:diamond_axe":47,"minecraft:white_wool":8,"minecraft:golden_apple":10,"minecraft:sand":15,"minecraft:redstone_torch":3,"minecraft:black_terracotta":10,"minecraft:black_concrete":7,"minecraft:bread":66,"minecraft:andesite":32,"minecraft:chain":1,"minecraft:oak_boat":1,"minecraft:experience_bottle":3,"minecraft:flint_and_steel":50,"minecraft:spruce_planks":21,"minecraft:torch":5,"minecraft:dirt":17,"minecraft:spruce_stairs":2,"minecraft:dark_oak_planks":4,"minecraft:wooden_axe":106,"minecraft:iron_axe":78,"minecraft:totem_of_undying":1,"minecraft:crimson_planks":5,"minecraft:barrel":6,"minecraft:golden_carrot":6,"minecraft:beef":3,"minecraft:acacia_planks":12,"minecraft:cooked_mutton":7,"minecraft:acacia_boat":1,"minecraft:birch_planks":6,"minecraft:glass_bottle":1,"vanillahammers:iron_hammer":26,"minecraft:baked_potato":9,"minecraft:cut_sandstone":8,"minecraft:salmon":1,"minecraft:tnt":1,"minecraft:oak_slab":11,"minecraft:crafting_table":13,"minecraft:white_bed":7,"mowziesmobs:wrought_axe":102,"minecraft:diamond_pickaxe":9,"minecraft:apple":20,"minecraft:oxeye_daisy":1,"minecraft:iron_pickaxe":97,"minecraft:jungle_stairs":1,"minecraft:spruce_sapling":2,"minecraft:stone_axe":35,"minecraft:fishing_rod":21,"minecraft:potion":1,"minecraft:cobblestone":240,"minecraft:stripped_crimson_hyphae":1,"vanillahammers:wood_hammer":1,"minecraft:porkchop":6,"minecraft:cooked_porkchop":13,"minecraft:pumpkin_pie":2},"minecraft:custom":{"minecraft:interact_with_crafting_table":48,"minecraft:open_barrel":174,"minecraft:leave_game":11,"minecraft:time_since_death":13224,"minecraft:sprint_one_cm":1839992,"minecraft:damage_blocked_by_shield":150,"minecraft:drop":130,"minecraft:deaths":24,"minecraft:jump":7597,"minecraft:walk_on_water_one_cm":56038,"minecraft:interact_with_furnace":79,"minecraft:play_one_minute":330203,"minecraft:sleep_in_bed":6,"minecraft:damage_dealt":31455,"minecraft:player_kills":1,"minecraft:crouch_one_cm":62184,"minecraft:inspect_dispenser":2,"minecraft:mob_kills":151,"minecraft:climb_one_cm":4439,"minecraft:walk_one_cm":630919,"minecraft:raid_win":2,"minecraft:sneak_time":25298,"minecraft:walk_under_water_one_cm":36054,"minecraft:boat_one_cm":439255,"minecraft:raid_trigger":1,"minecraft:time_since_rest":13252,"minecraft:damage_taken":12837,"minecraft:damage_absorbed":318,"minecraft:swim_one_cm":124511,"minecraft:fly_one_cm":1724306,"minecraft:open_chest":66,"minecraft:fish_caught":12,"minecraft:fall_one_cm":240449},"minecraft:killed_by":{"minecraft:pillager":2,"minecraft:vindicator":7,"minecraft:vex":2,"mowziesmobs:ferrous_wroughtnaut":11},"minecraft:picked_up":{"minecraft:wooden_axe":2,"minecraft:iron_chestplate":43,"minecraft:wheat":30,"vanillahammers:obsidian_hammer":11,"minecraft:oak_stairs":3,"minecraft:enchanted_book":8,"minecraft:crimson_planks":5,"minecraft:string":17,"minecraft:iron_leggings":24,"minecraft:pufferfish":1,"minecraft:diamond_leggings":2,"minecraft:spruce_planks":42,"minecraft:rose_bush":6,"minecraft:redstone_torch":1,"minecraft:iron_pickaxe":5,"minecraft:coal_block":10,"minecraft:furnace":4,"minecraft:iron_boots":36,"minecraft:tipped_arrow":2,"minecraft:stick":18,"minecraft:oak_fence":1,"minecraft:torch":88,"minecraft:acacia_log":11,"minecraft:spruce_stairs":12,"minecraft:porkchop":38,"minecraft:diorite":2,"minecraft:rotten_flesh":28,"minecraft:tropical_fish":1,"vanillahammers:iron_hammer":5,"minecraft:obsidian":5,"mowziesmobs:barakoa_mask_misery":3,"minecraft:cod":7,"minecraft:cobblestone":1143,"minecraft:magma_block":1,"minecraft:water_bucket":5,"minecraft:andesite":65,"minecraft:brown_wool":2,"mowziesmobs:barakoa_mask_fury":2,"minecraft:potato":1,"minecraft:flint":6,"minecraft:acacia_boat":2,"minecraft:lapis_lazuli":104,"minecraft:dirt":41,"minecraft:purple_carpet":2,"securitycraft:reinforced_stone_button":8,"minecraft:bone":17,"minecraft:bow":2,"minecraft:wheat_seeds":33,"minecraft:glowstone_dust":3,"minecraft:oak_planks":66,"minecraft:honeycomb":2,"minecraft:black_terracotta":22,"minecraft:cooked_porkchop":4,"minecraft:jungle_planks":13,"minecraft:sand":27,"minecraft:stripped_spruce_log":1,"minecraft:jungle_slab":28,"minecraft:chiseled_sandstone":1,"minecraft:barrel":13,"minecraft:dispenser":1,"minecraft:sugar":6,"minecraft:diamond":73,"minecraft:black_concrete":28,"minecraft:crossbow":3,"minecraft:granite":12,"minecraft:golden_apple":4,"minecraft:bread":259,"minecraft:emerald":93,"minecraft:oak_sapling":1,"minecraft:chorus_fruit":19,"minecraft:netherrack":2,"minecraft:fishing_rod":1,"minecraft:crafting_table":14,"minecraft:brown_mushroom":18,"minecraft:wooden_pickaxe":2,"minecraft:stone_brick_wall":2,"mowziesmobs:glowing_jelly":5,"minecraft:gold_block":2,"minecraft:chain":1,"minecraft:shield":6,"minecraft:iron_axe":6,"minecraft:cyan_carpet":1,"minecraft:cyan_wool":2,"minecraft:observer":1,"minecraft:poppy":6,"minecraft:light_gray_wool":2,"minecraft:sugar_cane":16,"minecraft:stripped_crimson_hyphae":7,"minecraft:sandstone":24,"minecraft:spruce_fence":2,"minecraft:stone_button":1,"minecraft:carrot":1,"minecraft:redstone":22,"minecraft:dark_oak_planks":8,"minecraft:tnt":19,"minecraft:arrow":21,"minecraft:jungle_stairs":2,"minecraft:hay_block":3,"mowziesmobs:barakoa_mask_fear":2,"minecraft:totem_of_undying":9,"minecraft:saddle":12,"minecraft:gold_ingot":191,"minecraft:mutton":35,"minecraft:white_wool":34,"minecraft:oxeye_daisy":1,"minecraft:salmon":3,"minecraft:cut_sandstone":8,"minecraft:birch_planks":7,"minecraft:oak_log":11,"minecraft:gunpowder":31,"vanillahammers:wood_hammer":1,"mowziesmobs:wrought_axe":2,"minecraft:white_banner":21,"minecraft:orange_terracotta":2,"mowziesmobs:barakoa_mask_rage":2,"minecraft:apple":9,"minecraft:kelp":1,"minecraft:spruce_wood":80,"minecraft:iron_ingot":128,"minecraft:stone_pickaxe":1,"minecraft:iron_ore":47,"minecraft:glass_bottle":2,"minecraft:iron_sword":16,"minecraft:dark_oak_stairs":1,"minecraft:oak_slab":17,"minecraft:dark_oak_slab":6,"minecraft:milk_bucket":1,"minecraft:pumpkin":8,"minecraft:sweet_berries":4,"mowziesmobs:wrought_helmet":2,"minecraft:spruce_sapling":3,"minecraft:white_bed":6,"minecraft:spruce_log":17,"minecraft:spider_eye":13,"minecraft:polished_diorite":5,"minecraft:stone_axe":5,"minecraft:iron_helmet":41,"minecraft:diamond_axe":3,"minecraft:gray_wool":1,"minecraft:baked_potato":10,"minecraft:coal":112,"minecraft:ender_pearl":3},"minecraft:mined":{"minecraft:dark_oak_planks":7,"minecraft:stone_pressure_plate":2,"minecraft:spruce_planks":45,"minecraft:white_bed":6,"minecraft:black_terracotta":10,"minecraft:jungle_slab":8,"minecraft:obsidian":2,"minecraft:granite":15,"minecraft:stripped_crimson_hyphae":13,"minecraft:acacia_log":11,"minecraft:grass_block":11,"minecraft:stone_brick_wall":2,"minecraft:brown_wool":3,"minecraft:coal_block":2,"minecraft:polished_diorite":3,"minecraft:frosted_ice":3,"minecraft:spawner":7,"minecraft:magma_block":1,"minecraft:iron_ore":45,"minecraft:barrel":9,"minecraft:dark_oak_stairs":2,"minecraft:oak_stairs":3,"minecraft:spruce_slab":2,"minecraft:cut_sandstone":10,"minecraft:orange_terracotta":2,"minecraft:jungle_stairs":2,"minecraft:poppy":1,"minecraft:cobblestone":12,"minecraft:sugar_cane":5,"minecraft:oak_planks":27,"minecraft:chain":1,"minecraft:dark_oak_slab":3,"minecraft:tnt":9,"minecraft:grass":56,"minecraft:oak_log":8,"minecraft:sand":27,"minecraft:dirt":10,"minecraft:crimson_planks":6,"minecraft:netherrack":3,"minecraft:oak_leaves":13,"minecraft:ladder":1,"minecraft:spruce_fence":2,"minecraft:jungle_planks":13,"minecraft:spruce_leaves":8,"minecraft:sandstone":30,"minecraft:hay_block":3,"minecraft:furnace":4,"minecraft:chiseled_sandstone":2,"minecraft:andesite":56,"minecraft:stripped_spruce_log":1,"minecraft:black_concrete":8,"minecraft:gold_block":1,"minecraft:stone":433,"minecraft:white_wool":8,"minecraft:redstone_wall_torch":2,"minecraft:oak_slab":15,"minecraft:acacia_leaves":1,"minecraft:glass_pane":1,"minecraft:oak_fence":2,"minecraft:crafting_table":6,"minecraft:rose_bush":4,"minecraft:tall_grass":8,"minecraft:diorite":2,"minecraft:spruce_stairs":4,"minecraft:gray_wool":1,"minecraft:birch_planks":7,"minecraft:sweet_berry_bush":2,"minecraft:spruce_log":1,"minecraft:coal_ore":24,"minecraft:cyan_carpet":1},"minecraft:killed":{"mowziesmobs:barakoan_barakoana":11,"minecraft:witch":4,"minecraft:spider":10,"minecraft:skeleton":16,"minecraft:silverfish":2,"minecraft:parrot":1,"minecraft:pig":6,"minecraft:creeper":2,"minecraft:sheep":17,"mowziesmobs:lantern":1,"minecraft:pillager":27,"minecraft:zombie":30,"minecraft:evoker":1,"minecraft:vindicator":9,"mowziesmobs:ferrous_wroughtnaut":1,"minecraft:drowned":2,"minecraft:husk":3,"minecraft:bat":1,"mowziesmobs:barakoana":2},"minecraft:broken":{"minecraft:wooden_axe":2},"minecraft:crafted":{"minecraft:oak_planks":32,"minecraft:stone":8,"securitycraft:keypad_item":1,"minecraft:heavy_weighted_pressure_plate":1,"minecraft:cooked_mutton":10,"securitycraft:laser_block":1,"minecraft:glass":12,"minecraft:diamond_leggings":1,"minecraft:chest":3,"minecraft:cooked_porkchop":13,"minecraft:diamond_axe":1,"minecraft:crafting_table":10,"minecraft:spruce_planks":108,"minecraft:wooden_pickaxe":2,"vanillahammers:wood_hammer":1,"minecraft:gold_block":4,"minecraft:diamond_pickaxe":1,"minecraft:shield":1,"minecraft:stick":40,"minecraft:iron_ingot":44,"minecraft:iron_pickaxe":3,"minecraft:iron_block":2,"vanillahammers:iron_hammer":1,"minecraft:redstone_torch":2,"securitycraft:universal_block_reinforcer_lvl1":1,"minecraft:wooden_sword":1,"vanillahammers:obsidian_hammer":1,"minecraft:furnace":4,"minecraft:stone_button":8,"minecraft:glass_pane":16,"minecraft:iron_axe":1,"minecraft:spruce_boat":1,"minecraft:redstone_block":1,"minecraft:wheat":27,"minecraft:cooked_cod":31,"minecraft:crimson_planks":20,"minecraft:iron_sword":1,"minecraft:stone_axe":1,"minecraft:acacia_boat":1,"minecraft:bread":10,"minecraft:air":0,"minecraft:oak_boat":1,"minecraft:golden_apple":7,"minecraft:wooden_axe":3,"minecraft:white_bed":2,"minecraft:acacia_planks":44,"minecraft:torch":4}},"DataVersion":2586}