{"stats":{"minecraft:mined":{"minecraft:fire":1},"minecraft:picked_up":{"minecraft:stick":4,"minecraft:iron_chestplate":2,"minecraft:suspicious_stew":3,"minecraft:water_bucket":1,"minecraft:bowl":2,"minecraft:torch":10,"minecraft:diamond_sword":1,"mineminenomi:mace":2,"minecraft:potato":1,"minecraft:flint":12,"minecraft:gunpowder":44,"minecraft:tnt":9,"minecraft:flint_and_steel":1,"minecraft:iron_leggings":2,"minecraft:honey_bottle":7,"minecraft:rotten_flesh":4,"minecraft:apple":23,"minecraft:diamond":3,"minecraft:spruce_planks":10,"minecraft:iron_helmet":2,"minecraft:iron_ingot":155,"minecraft:gold_ingot":14,"minecraft:bread":92,"minecraft:spruce_slab":5,"minecraft:coal":14,"minecraft:iron_boots":2,"minecraft:diamond_pickaxe":1},"minecraft:used":{"minecraft:apple":5,"mineminenomi:mace":6},"minecraft:killed":{"mineminenomi:marine_with_gun":1,"mineminenomi:marine_bomber":1},"minecraft:custom":{"minecraft:time_since_rest":4942,"minecraft:sprint_one_cm":25023,"minecraft:damage_taken":779,"minecraft:walk_one_cm":27799,"minecraft:mob_kills":2,"minecraft:drop":1,"minecraft:damage_dealt":284,"minecraft:swim_one_cm":2580,"minecraft:fly_one_cm":32787,"minecraft:open_chest":5,"minecraft:crouch_one_cm":129,"minecraft:play_one_minute":13999,"minecraft:deaths":2,"minecraft:sneak_time":34,"minecraft:walk_under_water_one_cm":309,"minecraft:jump":177,"minecraft:leave_game":1,"minecraft:walk_on_water_one_cm":5902,"minecraft:time_since_death":4917,"minecraft:fall_one_cm":11073},"minecraft:killed_by":{"minecraft:skeleton":1},"minecraft:dropped":{"mineminenomi:mace":1}},"DataVersion":2586}