{"stats":{"minecraft:killed_by":{"minecraft:pillager":1,"mowziesmobs:ferrous_wroughtnaut":6,"minecraft:vindicator":1},"minecraft:dropped":{"minecraft:iron_ingot":1,"minecraft:bread":5,"minecraft:wheat_seeds":6,"minecraft:crafting_table":1,"minecraft:cobblestone":10,"minecraft:emerald":6,"minecraft:diorite":1,"mowziesmobs:barakoa_mask_misery":1,"minecraft:mutton":2,"minecraft:wooden_axe":2,"minecraft:wooden_sword":1,"minecraft:white_wool":5,"minecraft:redstone":2,"minecraft:stone_axe":1,"vanillahammers:wood_hammer":2,"minecraft:light_gray_wool":1,"minecraft:oak_planks":19,"minecraft:jungle_stairs":1,"minecraft:andesite":1,"minecraft:sandstone":5,"minecraft:wooden_pickaxe":1,"minecraft:stone_pickaxe":1},"minecraft:used":{"minecraft:spruce_planks":14,"minecraft:shield":7,"minecraft:rotten_flesh":7,"minecraft:mutton":3,"minecraft:jungle_planks":12,"minecraft:carrot":2,"minecraft:jungle_slab":28,"minecraft:spruce_boat":1,"minecraft:wooden_axe":72,"minecraft:iron_axe":78,"minecraft:crimson_planks":2,"minecraft:barrel":6,"minecraft:furnace":6,"minecraft:cooked_mutton":7,"minecraft:acacia_boat":1,"vanillahammers:iron_hammer":26,"minecraft:oak_planks":9,"minecraft:wooden_pickaxe":35,"minecraft:sandstone":7,"minecraft:cut_sandstone":3,"minecraft:salmon":1,"minecraft:sand":15,"minecraft:tnt":1,"minecraft:crafting_table":9,"minecraft:white_bed":4,"mowziesmobs:wrought_axe":27,"minecraft:redstone_torch":3,"minecraft:bread":9,"minecraft:iron_pickaxe":46,"minecraft:jungle_stairs":1,"minecraft:spruce_sapling":2,"minecraft:cobblestone":50,"minecraft:porkchop":3,"vanillahammers:wood_hammer":1,"minecraft:oak_boat":1},"minecraft:custom":{"minecraft:mob_kills":38,"minecraft:interact_with_crafting_table":18,"minecraft:open_barrel":39,"minecraft:leave_game":3,"minecraft:time_since_death":15024,"minecraft:climb_one_cm":1124,"minecraft:sprint_one_cm":237972,"minecraft:walk_one_cm":210276,"minecraft:damage_blocked_by_shield":150,"minecraft:drop":42,"minecraft:deaths":9,"minecraft:sneak_time":4942,"minecraft:walk_under_water_one_cm":7156,"minecraft:boat_one_cm":382326,"minecraft:jump":1915,"minecraft:walk_on_water_one_cm":16233,"minecraft:interact_with_furnace":46,"minecraft:play_one_minute":93494,"minecraft:sleep_in_bed":2,"minecraft:time_since_rest":15066,"minecraft:damage_taken":3435,"minecraft:damage_dealt":6007,"minecraft:swim_one_cm":71249,"minecraft:fly_one_cm":444449,"minecraft:open_chest":18,"minecraft:crouch_one_cm":8366,"minecraft:fall_one_cm":53321,"minecraft:inspect_dispenser":2},"minecraft:killed":{"mowziesmobs:barakoan_barakoana":7,"minecraft:vindicator":1,"minecraft:spider":5,"minecraft:skeleton":2,"minecraft:husk":3,"minecraft:bat":1,"minecraft:creeper":1,"minecraft:sheep":7,"minecraft:pillager":2,"minecraft:zombie":8,"mowziesmobs:barakoana":1},"minecraft:broken":{"minecraft:wooden_axe":1},"minecraft:picked_up":{"minecraft:wooden_axe":1,"minecraft:crafting_table":11,"minecraft:iron_chestplate":6,"minecraft:wooden_pickaxe":2,"minecraft:gold_block":2,"minecraft:crimson_planks":5,"minecraft:shield":6,"minecraft:iron_axe":6,"minecraft:iron_leggings":6,"minecraft:spruce_planks":39,"minecraft:redstone_torch":1,"minecraft:iron_pickaxe":4,"minecraft:light_gray_wool":2,"minecraft:sugar_cane":16,"minecraft:furnace":4,"minecraft:iron_boots":7,"minecraft:stripped_crimson_hyphae":3,"minecraft:stick":12,"minecraft:sandstone":12,"minecraft:acacia_log":3,"minecraft:spruce_stairs":8,"minecraft:diorite":2,"minecraft:carrot":1,"minecraft:redstone":2,"minecraft:tnt":19,"minecraft:arrow":1,"minecraft:rotten_flesh":11,"minecraft:jungle_stairs":2,"mowziesmobs:barakoa_mask_fear":2,"minecraft:gold_ingot":23,"vanillahammers:iron_hammer":5,"mowziesmobs:barakoa_mask_misery":3,"minecraft:mutton":12,"minecraft:white_wool":11,"minecraft:cobblestone":676,"minecraft:andesite":2,"minecraft:cut_sandstone":3,"mowziesmobs:barakoa_mask_fury":2,"minecraft:flint":6,"minecraft:oak_log":6,"minecraft:gunpowder":26,"vanillahammers:wood_hammer":1,"mowziesmobs:wrought_axe":1,"minecraft:dirt":3,"minecraft:orange_terracotta":1,"mowziesmobs:barakoa_mask_rage":2,"minecraft:bone":1,"minecraft:wheat_seeds":23,"minecraft:spruce_wood":80,"minecraft:stone_pickaxe":1,"minecraft:iron_ingot":29,"minecraft:iron_ore":28,"minecraft:oak_planks":37,"minecraft:oak_slab":4,"minecraft:milk_bucket":1,"minecraft:jungle_planks":13,"minecraft:sand":15,"mowziesmobs:wrought_helmet":1,"minecraft:spruce_sapling":2,"minecraft:white_bed":4,"minecraft:spruce_log":16,"minecraft:jungle_slab":28,"minecraft:barrel":9,"minecraft:diamond":6,"minecraft:stone_axe":1,"minecraft:iron_helmet":6,"minecraft:granite":6,"minecraft:bread":33,"minecraft:coal":99},"minecraft:mined":{"minecraft:stone_pressure_plate":1,"minecraft:spruce_planks":41,"minecraft:white_bed":4,"minecraft:jungle_slab":8,"minecraft:granite":3,"minecraft:stripped_crimson_hyphae":5,"minecraft:acacia_log":3,"minecraft:grass_block":2,"minecraft:jungle_planks":13,"minecraft:sandstone":17,"minecraft:furnace":4,"minecraft:iron_ore":28,"minecraft:barrel":6,"minecraft:andesite":1,"minecraft:gold_block":1,"minecraft:stone":179,"minecraft:redstone_wall_torch":2,"minecraft:oak_slab":3,"minecraft:cut_sandstone":5,"minecraft:orange_terracotta":1,"minecraft:crafting_table":4,"minecraft:jungle_stairs":2,"minecraft:tall_grass":1,"minecraft:cobblestone":2,"minecraft:sugar_cane":5,"minecraft:oak_planks":1,"minecraft:diorite":2,"minecraft:tnt":9,"minecraft:grass":12,"minecraft:oak_log":6,"minecraft:coal_ore":24,"minecraft:sand":15,"minecraft:dirt":6,"minecraft:crimson_planks":6,"minecraft:oak_leaves":10},"minecraft:crafted":{"minecraft:wooden_sword":1,"minecraft:oak_planks":24,"minecraft:furnace":4,"minecraft:cooked_mutton":10,"minecraft:iron_axe":1,"minecraft:spruce_boat":1,"minecraft:crimson_planks":4,"minecraft:crafting_table":7,"minecraft:spruce_planks":80,"vanillahammers:wood_hammer":1,"minecraft:gold_block":4,"minecraft:acacia_boat":1,"minecraft:air":0,"minecraft:oak_boat":1,"minecraft:shield":1,"minecraft:stick":24,"minecraft:iron_ingot":27,"minecraft:iron_pickaxe":2,"minecraft:wooden_axe":3,"vanillahammers:iron_hammer":1,"minecraft:iron_block":2,"minecraft:white_bed":1,"minecraft:redstone_torch":2,"minecraft:acacia_planks":12}},"DataVersion":2586}