{"stats":{"minecraft:killed_by":{"minecraft:pillager":1},"minecraft:dropped":{"minecraft:bread":5,"minecraft:wheat_seeds":1},"minecraft:used":{"minecraft:wooden_axe":49,"minecraft:bread":1,"minecraft:oak_planks":9,"minecraft:spruce_planks":3,"minecraft:crimson_planks":2,"minecraft:mutton":1,"minecraft:crafting_table":1,"minecraft:porkchop":1,"minecraft:jungle_planks":5,"minecraft:jungle_slab":2},"minecraft:custom":{"minecraft:time_since_rest":698,"minecraft:sprint_one_cm":8244,"minecraft:damage_taken":340,"minecraft:walk_one_cm":11761,"minecraft:mob_kills":1,"minecraft:drop":6,"minecraft:damage_dealt":90,"minecraft:swim_one_cm":29314,"minecraft:interact_with_crafting_table":1,"minecraft:fly_one_cm":25342,"minecraft:open_barrel":6,"minecraft:play_one_minute":9640,"minecraft:crouch_one_cm":3972,"minecraft:deaths":1,"minecraft:sneak_time":1903,"minecraft:walk_under_water_one_cm":3167,"minecraft:jump":130,"minecraft:walk_on_water_one_cm":3064,"minecraft:time_since_death":673,"minecraft:climb_one_cm":1124,"minecraft:fall_one_cm":3578,"minecraft:inspect_dispenser":1},"minecraft:killed":{"minecraft:pillager":1},"minecraft:picked_up":{"minecraft:jungle_planks":5,"minecraft:oak_log":6,"minecraft:crimson_planks":2,"minecraft:jungle_slab":2,"minecraft:wheat_seeds":1,"minecraft:spruce_planks":34},"minecraft:crafted":{"minecraft:oak_planks":24,"minecraft:crafting_table":1,"minecraft:stick":4,"minecraft:wooden_axe":1},"minecraft:mined":{"minecraft:spruce_planks":37,"minecraft:jungle_slab":2,"minecraft:grass":1,"minecraft:oak_log":6,"minecraft:jungle_planks":5,"minecraft:crimson_planks":3,"minecraft:oak_leaves":10}},"DataVersion":2586}