{"stats":{"minecraft:dropped":{"minecraft:iron_ingot":1,"minecraft:bread":5,"minecraft:stone_axe":1,"minecraft:wheat_seeds":2,"vanillahammers:wood_hammer":2,"minecraft:crafting_table":1,"minecraft:cobblestone":10,"minecraft:oak_planks":19,"minecraft:emerald":6,"mowziesmobs:barakoa_mask_misery":1,"minecraft:mutton":2,"minecraft:jungle_stairs":1,"minecraft:wooden_axe":2,"minecraft:wooden_sword":1,"minecraft:stone_pickaxe":1,"minecraft:white_wool":2},"minecraft:killed_by":{"mowziesmobs:ferrous_wroughtnaut":3,"minecraft:pillager":1},"minecraft:used":{"minecraft:cooked_mutton":5,"vanillahammers:iron_hammer":26,"minecraft:oak_planks":9,"minecraft:spruce_planks":14,"minecraft:shield":5,"minecraft:sandstone":7,"minecraft:cut_sandstone":3,"minecraft:rotten_flesh":7,"minecraft:salmon":1,"minecraft:sand":15,"minecraft:mutton":3,"minecraft:tnt":1,"minecraft:crafting_table":7,"minecraft:jungle_planks":12,"minecraft:carrot":2,"minecraft:jungle_slab":28,"minecraft:white_bed":3,"minecraft:redstone_torch":3,"minecraft:wooden_axe":69,"minecraft:iron_axe":64,"minecraft:bread":4,"minecraft:iron_pickaxe":46,"minecraft:jungle_stairs":1,"minecraft:barrel":6,"minecraft:spruce_sapling":2,"minecraft:crimson_planks":2,"minecraft:cobblestone":13,"minecraft:furnace":6,"minecraft:porkchop":3,"vanillahammers:wood_hammer":1,"minecraft:oak_boat":1},"minecraft:custom":{"minecraft:interact_with_furnace":44,"minecraft:mob_kills":27,"minecraft:interact_with_crafting_table":13,"minecraft:open_barrel":25,"minecraft:play_one_minute":59248,"minecraft:leave_game":1,"minecraft:time_since_death":720,"minecraft:sleep_in_bed":2,"minecraft:climb_one_cm":1124,"minecraft:time_since_rest":744,"minecraft:sprint_one_cm":153575,"minecraft:damage_taken":2155,"minecraft:walk_one_cm":161560,"minecraft:damage_blocked_by_shield":80,"minecraft:drop":30,"minecraft:damage_dealt":3194,"minecraft:swim_one_cm":52358,"minecraft:fly_one_cm":267452,"minecraft:open_chest":10,"minecraft:crouch_one_cm":6557,"minecraft:deaths":5,"minecraft:sneak_time":3424,"minecraft:boat_one_cm":106988,"minecraft:walk_under_water_one_cm":4586,"minecraft:jump":1291,"minecraft:walk_on_water_one_cm":8710,"minecraft:fall_one_cm":33985,"minecraft:inspect_dispenser":2},"minecraft:killed":{"mowziesmobs:barakoan_barakoana":7,"minecraft:husk":3,"minecraft:spider":2,"minecraft:creeper":1,"minecraft:sheep":7,"minecraft:skeleton":1,"minecraft:pillager":2,"minecraft:zombie":3,"mowziesmobs:barakoana":1},"minecraft:broken":{"minecraft:wooden_axe":1},"minecraft:picked_up":{"minecraft:wooden_axe":1,"minecraft:iron_chestplate":3,"minecraft:crafting_table":7,"minecraft:andesite":1,"minecraft:cut_sandstone":3,"mowziesmobs:barakoa_mask_fury":1,"minecraft:wooden_pickaxe":1,"minecraft:gold_block":1,"minecraft:oak_log":6,"minecraft:crimson_planks":5,"minecraft:shield":3,"vanillahammers:wood_hammer":1,"minecraft:iron_axe":3,"minecraft:iron_leggings":3,"mowziesmobs:barakoa_mask_rage":1,"minecraft:wheat_seeds":11,"minecraft:spruce_planks":39,"minecraft:spruce_wood":44,"minecraft:iron_ingot":1,"minecraft:stone_pickaxe":1,"minecraft:iron_ore":28,"minecraft:redstone_torch":1,"minecraft:iron_pickaxe":3,"minecraft:light_gray_wool":1,"minecraft:sugar_cane":8,"minecraft:oak_planks":37,"minecraft:furnace":2,"minecraft:iron_boots":4,"minecraft:stick":5,"minecraft:sandstone":7,"minecraft:diorite":1,"minecraft:spruce_stairs":4,"minecraft:sand":15,"minecraft:jungle_planks":13,"minecraft:carrot":1,"minecraft:spruce_sapling":2,"minecraft:white_bed":2,"minecraft:spruce_log":8,"minecraft:jungle_slab":28,"minecraft:barrel":6,"minecraft:tnt":9,"minecraft:rotten_flesh":7,"minecraft:diamond":3,"minecraft:stone_axe":1,"minecraft:jungle_stairs":2,"minecraft:iron_helmet":3,"mowziesmobs:barakoa_mask_fear":1,"minecraft:granite":3,"minecraft:bread":23,"vanillahammers:iron_hammer":3,"mowziesmobs:barakoa_mask_misery":2,"minecraft:mutton":12,"minecraft:coal":61,"minecraft:white_wool":8,"minecraft:cobblestone":398},"minecraft:mined":{"minecraft:cut_sandstone":4,"minecraft:spruce_planks":41,"minecraft:white_bed":2,"minecraft:jungle_slab":8,"minecraft:crafting_table":2,"minecraft:granite":3,"minecraft:jungle_stairs":2,"minecraft:grass_block":1,"minecraft:jungle_planks":13,"minecraft:cobblestone":2,"minecraft:tall_grass":1,"minecraft:sugar_cane":5,"minecraft:diorite":2,"minecraft:sandstone":8,"minecraft:furnace":2,"minecraft:barrel":3,"minecraft:iron_ore":28,"minecraft:andesite":1,"minecraft:tnt":9,"minecraft:gold_block":1,"minecraft:grass":12,"minecraft:oak_log":6,"minecraft:coal_ore":24,"minecraft:sand":15,"minecraft:dirt":4,"minecraft:crimson_planks":6,"minecraft:stone":159,"minecraft:oak_leaves":10,"minecraft:redstone_wall_torch":2},"minecraft:crafted":{"minecraft:wooden_sword":1,"minecraft:oak_planks":24,"minecraft:crafting_table":6,"vanillahammers:wood_hammer":1,"minecraft:furnace":4,"minecraft:cooked_mutton":5,"minecraft:air":0,"minecraft:oak_boat":1,"minecraft:shield":1,"minecraft:iron_axe":1,"minecraft:stick":20,"minecraft:iron_ingot":27,"minecraft:iron_pickaxe":1,"minecraft:wooden_axe":2,"minecraft:iron_block":2,"vanillahammers:iron_hammer":1,"minecraft:white_bed":1,"minecraft:redstone_torch":2}},"DataVersion":2586}