{"stats":{"minecraft:killed_by":{"minecraft:pillager":1},"minecraft:dropped":{"minecraft:iron_ingot":1,"minecraft:bread":5,"minecraft:stone_axe":1,"minecraft:wheat_seeds":2,"vanillahammers:wood_hammer":2,"minecraft:crafting_table":1,"minecraft:oak_planks":19,"minecraft:emerald":6,"mowziesmobs:barakoa_mask_misery":1,"minecraft:mutton":2,"minecraft:jungle_stairs":1,"minecraft:wooden_axe":2,"minecraft:wooden_sword":1,"minecraft:stone_pickaxe":1,"minecraft:white_wool":2},"minecraft:used":{"minecraft:cooked_mutton":5,"vanillahammers:iron_hammer":19,"minecraft:oak_planks":9,"minecraft:spruce_planks":14,"minecraft:shield":4,"minecraft:sandstone":7,"minecraft:cut_sandstone":3,"minecraft:rotten_flesh":5,"minecraft:salmon":1,"minecraft:sand":15,"minecraft:mutton":3,"minecraft:tnt":1,"minecraft:crafting_table":6,"minecraft:jungle_planks":12,"minecraft:jungle_slab":2,"minecraft:white_bed":2,"minecraft:redstone_torch":3,"minecraft:wooden_axe":69,"minecraft:iron_axe":53,"minecraft:bread":1,"minecraft:iron_pickaxe":40,"minecraft:jungle_stairs":1,"minecraft:barrel":3,"minecraft:spruce_sapling":2,"minecraft:crimson_planks":2,"minecraft:cobblestone":13,"minecraft:furnace":4,"minecraft:porkchop":3,"vanillahammers:wood_hammer":1},"minecraft:custom":{"minecraft:interact_with_furnace":43,"minecraft:mob_kills":21,"minecraft:interact_with_crafting_table":12,"minecraft:open_barrel":22,"minecraft:play_one_minute":47248,"minecraft:leave_game":1,"minecraft:time_since_death":7887,"minecraft:sleep_in_bed":2,"minecraft:climb_one_cm":1124,"minecraft:time_since_rest":7454,"minecraft:sprint_one_cm":101037,"minecraft:damage_taken":1208,"minecraft:walk_one_cm":115971,"minecraft:damage_blocked_by_shield":40,"minecraft:drop":24,"minecraft:damage_dealt":2294,"minecraft:swim_one_cm":52358,"minecraft:fly_one_cm":211665,"minecraft:open_chest":10,"minecraft:crouch_one_cm":6305,"minecraft:deaths":2,"minecraft:sneak_time":3319,"minecraft:walk_under_water_one_cm":4586,"minecraft:jump":1023,"minecraft:walk_on_water_one_cm":8301,"minecraft:fall_one_cm":25720,"minecraft:inspect_dispenser":2},"minecraft:killed":{"mowziesmobs:barakoan_barakoana":7,"minecraft:husk":3,"minecraft:spider":2,"minecraft:creeper":1,"minecraft:sheep":3,"minecraft:pillager":2,"minecraft:zombie":2,"mowziesmobs:barakoana":1},"minecraft:broken":{"minecraft:wooden_axe":1},"minecraft:picked_up":{"minecraft:wooden_axe":1,"minecraft:crafting_table":4,"minecraft:andesite":1,"minecraft:cut_sandstone":3,"mowziesmobs:barakoa_mask_fury":1,"minecraft:wooden_pickaxe":1,"minecraft:gold_block":1,"minecraft:oak_log":6,"minecraft:crimson_planks":5,"vanillahammers:wood_hammer":1,"mowziesmobs:barakoa_mask_rage":1,"minecraft:wheat_seeds":3,"minecraft:spruce_planks":39,"minecraft:spruce_wood":8,"minecraft:iron_ingot":1,"minecraft:stone_pickaxe":1,"minecraft:iron_ore":28,"minecraft:redstone_torch":1,"minecraft:sugar_cane":8,"minecraft:oak_planks":37,"minecraft:furnace":2,"minecraft:iron_boots":1,"minecraft:stick":5,"minecraft:sandstone":7,"minecraft:spruce_stairs":4,"minecraft:sand":15,"minecraft:jungle_planks":13,"minecraft:spruce_sapling":2,"minecraft:white_bed":2,"minecraft:spruce_log":8,"minecraft:jungle_slab":28,"minecraft:barrel":6,"minecraft:tnt":9,"minecraft:rotten_flesh":7,"minecraft:diamond":3,"minecraft:stone_axe":1,"minecraft:jungle_stairs":2,"mowziesmobs:barakoa_mask_fear":1,"minecraft:granite":3,"mowziesmobs:barakoa_mask_misery":2,"minecraft:mutton":7,"minecraft:coal":57,"minecraft:white_wool":5,"minecraft:cobblestone":99},"minecraft:mined":{"minecraft:cut_sandstone":4,"minecraft:spruce_planks":41,"minecraft:white_bed":2,"minecraft:jungle_slab":8,"minecraft:crafting_table":2,"minecraft:granite":3,"minecraft:jungle_stairs":2,"minecraft:grass_block":1,"minecraft:jungle_planks":13,"minecraft:tall_grass":1,"minecraft:sugar_cane":5,"minecraft:diorite":1,"minecraft:sandstone":8,"minecraft:furnace":2,"minecraft:barrel":3,"minecraft:iron_ore":28,"minecraft:andesite":1,"minecraft:tnt":9,"minecraft:gold_block":1,"minecraft:grass":12,"minecraft:oak_log":6,"minecraft:coal_ore":20,"minecraft:sand":15,"minecraft:dirt":4,"minecraft:crimson_planks":6,"minecraft:stone":97,"minecraft:oak_leaves":10,"minecraft:redstone_wall_torch":2},"minecraft:crafted":{"minecraft:wooden_sword":1,"minecraft:oak_planks":24,"minecraft:crafting_table":6,"vanillahammers:wood_hammer":1,"minecraft:furnace":4,"minecraft:cooked_mutton":5,"minecraft:air":0,"minecraft:shield":1,"minecraft:iron_axe":1,"minecraft:stick":20,"minecraft:iron_ingot":27,"minecraft:iron_pickaxe":1,"minecraft:wooden_axe":2,"minecraft:iron_block":2,"vanillahammers:iron_hammer":1,"minecraft:white_bed":1,"minecraft:redstone_torch":2}},"DataVersion":2586}