{"stats":{"minecraft:dropped":{"minecraft:diorite":4,"minecraft:wooden_pickaxe":1,"minecraft:bone":1},"minecraft:used":{"vanillahammers:stone_hammer":13,"minecraft:stone_pickaxe":107,"minecraft:wooden_pickaxe":14,"minecraft:shield":5,"minecraft:cooked_chicken":4,"minecraft:torch":32,"minecraft:crafting_table":5,"minecraft:granite":1,"minecraft:iron_axe":28,"minecraft:iron_pickaxe":52,"minecraft:gravel":1,"minecraft:stone_axe":36,"minecraft:cobblestone":43,"minecraft:furnace":4,"minecraft:cooked_porkchop":1,"minecraft:andesite":1,"minecraft:cooked_beef":3},"minecraft:custom":{"minecraft:interact_with_furnace":27,"minecraft:mob_kills":23,"minecraft:interact_with_crafting_table":17,"minecraft:play_one_minute":25996,"minecraft:time_since_death":25996,"minecraft:time_since_rest":25996,"minecraft:sprint_one_cm":34489,"minecraft:damage_taken":554,"minecraft:walk_one_cm":75441,"minecraft:damage_blocked_by_shield":430,"minecraft:drop":3,"minecraft:damage_dealt":2890,"minecraft:fly_one_cm":38382,"minecraft:crouch_one_cm":21800,"minecraft:sneak_time":6756,"minecraft:walk_under_water_one_cm":932,"minecraft:jump":440,"minecraft:walk_on_water_one_cm":1283,"minecraft:fall_one_cm":12327},"minecraft:killed":{"minecraft:pig":2,"minecraft:spider":4,"minecraft:sheep":2,"minecraft:skeleton":2,"minecraft:zombie":5,"minecraft:chicken":5,"minecraft:cow":1},"minecraft:picked_up":{"minecraft:crafting_table":5,"minecraft:feather":6,"minecraft:chicken":5,"minecraft:andesite":7,"minecraft:oak_log":17,"minecraft:string":5,"minecraft:dirt":3,"minecraft:bone":3,"minecraft:beef":3,"minecraft:iron_ore":85,"minecraft:oak_planks":16,"minecraft:egg":3,"minecraft:furnace":2,"minecraft:torch":3,"minecraft:gravel":1,"minecraft:porkchop":6,"minecraft:diorite":4,"minecraft:arrow":3,"minecraft:rotten_flesh":5,"minecraft:granite":2,"minecraft:mutton":3,"minecraft:coal":88,"minecraft:white_wool":2,"minecraft:cobblestone":118},"minecraft:mined":{"minecraft:crafting_table":5,"minecraft:granite":1,"minecraft:grass_block":1,"minecraft:cobblestone":4,"minecraft:diorite":4,"minecraft:wall_torch":1,"minecraft:furnace":2,"minecraft:iron_ore":77,"minecraft:birch_leaves":5,"minecraft:andesite":2,"minecraft:grass":1,"minecraft:oak_log":17,"minecraft:coal_ore":57,"minecraft:dirt":2,"minecraft:stone":107},"minecraft:crafted":{"minecraft:cooked_beef":3,"minecraft:oak_planks":68,"minecraft:cooked_porkchop":5,"minecraft:crafting_table":1,"minecraft:iron_helmet":1,"minecraft:wooden_pickaxe":1,"minecraft:cooked_chicken":4,"minecraft:furnace":2,"minecraft:stone":2,"minecraft:stone_axe":1,"minecraft:air":0,"vanillahammers:stone_hammer":1,"minecraft:iron_chestplate":1,"minecraft:shield":1,"minecraft:iron_axe":1,"minecraft:stick":40,"minecraft:iron_ingot":29,"minecraft:iron_pickaxe":1,"minecraft:stone_pickaxe":1,"minecraft:iron_leggings":1,"minecraft:torch":68}},"DataVersion":2586}