{"stats":{"minecraft:dropped":{"minecraft:stone_axe":2,"minecraft:diorite":4,"minecraft:iron_axe":1,"minecraft:wooden_pickaxe":1,"minecraft:stone_pickaxe":2,"minecraft:bone":1},"minecraft:used":{"vanillahammers:stone_hammer":13,"minecraft:water_bucket":3,"minecraft:diorite":1,"minecraft:stone_pickaxe":107,"minecraft:wooden_pickaxe":14,"minecraft:shield":15,"minecraft:iron_sword":51,"minecraft:cooked_chicken":4,"minecraft:torch":135,"minecraft:crafting_table":5,"minecraft:granite":2,"minecraft:iron_axe":37,"minecraft:iron_pickaxe":237,"minecraft:gravel":1,"minecraft:stone_axe":36,"minecraft:cobblestone":91,"minecraft:furnace":4,"minecraft:cooked_porkchop":6,"minecraft:bucket":4,"minecraft:andesite":1,"minecraft:egg":3,"minecraft:cooked_beef":3},"minecraft:custom":{"minecraft:interact_with_furnace":39,"minecraft:mob_kills":39,"minecraft:interact_with_crafting_table":21,"minecraft:play_one_minute":45358,"minecraft:leave_game":2,"minecraft:time_since_death":45358,"minecraft:time_since_rest":45358,"minecraft:sprint_one_cm":76966,"minecraft:damage_taken":948,"minecraft:walk_one_cm":153576,"minecraft:damage_blocked_by_shield":1110,"minecraft:drop":8,"minecraft:damage_dealt":6000,"minecraft:fly_one_cm":58854,"minecraft:crouch_one_cm":44864,"minecraft:sneak_time":12931,"minecraft:walk_under_water_one_cm":932,"minecraft:jump":766,"minecraft:walk_on_water_one_cm":9409,"minecraft:fall_one_cm":16536},"minecraft:killed":{"minecraft:pig":2,"minecraft:spider":7,"minecraft:creeper":1,"minecraft:sheep":2,"minecraft:skeleton":6,"minecraft:zombie":12,"minecraft:chicken":5,"minecraft:cow":1},"minecraft:picked_up":{"minecraft:crafting_table":6,"minecraft:feather":6,"minecraft:chicken":5,"minecraft:andesite":9,"minecraft:oak_log":17,"minecraft:gunpowder":3,"minecraft:lapis_lazuli":24,"minecraft:dirt":13,"minecraft:string":9,"minecraft:iron_axe":1,"minecraft:bone":6,"minecraft:bow":1,"minecraft:iron_ingot":1,"minecraft:beef":3,"minecraft:stone_pickaxe":1,"minecraft:iron_ore":153,"minecraft:oak_planks":18,"minecraft:egg":3,"minecraft:furnace":3,"minecraft:torch":16,"minecraft:gravel":1,"minecraft:porkchop":6,"minecraft:diorite":5,"minecraft:gold_ore":30,"minecraft:arrow":10,"minecraft:rotten_flesh":9,"minecraft:diamond":10,"minecraft:stone_axe":1,"minecraft:granite":2,"minecraft:mutton":3,"minecraft:coal":152,"minecraft:white_wool":2,"minecraft:cobblestone":145},"minecraft:mined":{"minecraft:diamond_ore":10,"minecraft:crafting_table":6,"minecraft:torch":1,"minecraft:granite":1,"minecraft:grass_block":1,"minecraft:cobblestone":5,"minecraft:lapis_ore":3,"minecraft:oak_planks":2,"minecraft:diorite":5,"minecraft:wall_torch":7,"minecraft:furnace":3,"minecraft:iron_ore":149,"minecraft:andesite":3,"minecraft:birch_leaves":5,"minecraft:grass":1,"minecraft:oak_log":17,"minecraft:coal_ore":102,"minecraft:dirt":2,"minecraft:cobweb":1,"minecraft:stone":126,"minecraft:gold_ore":31},"minecraft:crafted":{"minecraft:cooked_beef":3,"minecraft:oak_planks":68,"minecraft:cooked_porkchop":6,"minecraft:crafting_table":1,"minecraft:iron_helmet":1,"minecraft:wooden_pickaxe":1,"minecraft:cooked_chicken":5,"minecraft:iron_sword":1,"minecraft:furnace":2,"minecraft:stone":2,"minecraft:bucket":1,"minecraft:stone_axe":1,"minecraft:cooked_mutton":3,"minecraft:air":0,"vanillahammers:stone_hammer":1,"minecraft:iron_boots":1,"minecraft:iron_chestplate":1,"minecraft:shield":1,"minecraft:iron_axe":1,"minecraft:stick":40,"minecraft:iron_ingot":36,"minecraft:iron_pickaxe":1,"minecraft:stone_pickaxe":1,"minecraft:iron_leggings":1,"minecraft:torch":104}},"DataVersion":2586}