{"stats":{"minecraft:dropped":{"minecraft:stone_axe":2,"minecraft:lapis_lazuli":3,"minecraft:diorite":4,"minecraft:sand":1,"minecraft:iron_axe":1,"minecraft:bow":1,"minecraft:wooden_pickaxe":1,"minecraft:stone_pickaxe":2,"minecraft:bone":1},"minecraft:used":{"vanillahammers:stone_hammer":13,"minecraft:cooked_mutton":3,"minecraft:water_bucket":4,"minecraft:diorite":1,"minecraft:stone_pickaxe":107,"minecraft:wooden_pickaxe":14,"minecraft:shield":30,"minecraft:iron_sword":134,"minecraft:cooked_chicken":4,"minecraft:torch":186,"minecraft:golden_apple":1,"minecraft:crafting_table":6,"minecraft:granite":2,"minecraft:iron_axe":38,"minecraft:iron_pickaxe":351,"minecraft:gravel":1,"minecraft:stone_axe":36,"minecraft:cobblestone":117,"minecraft:furnace":5,"minecraft:cooked_porkchop":6,"minecraft:bucket":4,"minecraft:andesite":1,"minecraft:egg":3,"minecraft:cooked_beef":3},"minecraft:custom":{"minecraft:interact_with_furnace":39,"minecraft:mob_kills":64,"minecraft:interact_with_crafting_table":23,"minecraft:play_one_minute":57358,"minecraft:leave_game":2,"minecraft:time_since_death":57358,"minecraft:time_since_rest":57358,"minecraft:sprint_one_cm":93778,"minecraft:damage_absorbed":40,"minecraft:damage_taken":1353,"minecraft:walk_one_cm":190144,"minecraft:damage_blocked_by_shield":1620,"minecraft:drop":13,"minecraft:damage_dealt":10475,"minecraft:swim_one_cm":1193,"minecraft:fly_one_cm":76666,"minecraft:open_chest":1,"minecraft:crouch_one_cm":52212,"minecraft:sneak_time":15813,"minecraft:walk_under_water_one_cm":1815,"minecraft:jump":1020,"minecraft:walk_on_water_one_cm":11146,"minecraft:fall_one_cm":18327},"minecraft:killed":{"minecraft:pig":2,"minecraft:spider":8,"minecraft:creeper":1,"minecraft:sheep":2,"minecraft:skeleton":10,"minecraft:zombie":30,"minecraft:chicken":5,"minecraft:cow":1},"minecraft:broken":{"minecraft:iron_pickaxe":1},"minecraft:picked_up":{"minecraft:crafting_table":7,"minecraft:feather":6,"minecraft:chicken":5,"minecraft:andesite":13,"minecraft:oak_log":17,"minecraft:gunpowder":3,"minecraft:lapis_lazuli":67,"minecraft:dirt":14,"minecraft:string":11,"minecraft:iron_axe":1,"minecraft:bone":12,"minecraft:bow":2,"minecraft:iron_ingot":1,"minecraft:beef":3,"minecraft:stone_pickaxe":1,"minecraft:iron_ore":183,"minecraft:oak_planks":18,"minecraft:egg":3,"minecraft:furnace":4,"minecraft:torch":27,"minecraft:gravel":1,"minecraft:sand":1,"minecraft:porkchop":6,"minecraft:diorite":5,"minecraft:gold_ore":31,"minecraft:arrow":15,"minecraft:rotten_flesh":24,"minecraft:diamond":10,"minecraft:stone_axe":1,"minecraft:granite":2,"minecraft:mutton":3,"minecraft:coal":183,"minecraft:white_wool":2,"minecraft:cobblestone":195},"minecraft:mined":{"minecraft:diamond_ore":10,"minecraft:crafting_table":7,"minecraft:torch":3,"minecraft:granite":1,"minecraft:grass_block":1,"minecraft:cobblestone":9,"minecraft:lapis_ore":10,"minecraft:oak_planks":2,"minecraft:diorite":5,"minecraft:wall_torch":12,"minecraft:furnace":4,"minecraft:iron_ore":179,"minecraft:andesite":3,"minecraft:birch_leaves":5,"minecraft:grass":1,"minecraft:oak_log":17,"minecraft:coal_ore":133,"minecraft:dirt":3,"minecraft:cobweb":1,"minecraft:stone":163,"minecraft:gold_ore":31},"minecraft:crafted":{"minecraft:cooked_beef":3,"minecraft:oak_planks":68,"minecraft:cooked_porkchop":6,"minecraft:crafting_table":1,"minecraft:iron_helmet":1,"minecraft:wooden_pickaxe":1,"minecraft:cooked_chicken":5,"minecraft:iron_sword":1,"minecraft:furnace":2,"minecraft:stone":2,"minecraft:bucket":1,"minecraft:stone_axe":1,"minecraft:cooked_mutton":3,"minecraft:air":0,"vanillahammers:stone_hammer":1,"minecraft:iron_boots":1,"minecraft:iron_chestplate":1,"minecraft:shield":1,"minecraft:iron_axe":1,"minecraft:stick":56,"minecraft:iron_ingot":36,"minecraft:iron_pickaxe":2,"minecraft:stone_pickaxe":1,"minecraft:iron_leggings":1,"minecraft:torch":160}},"DataVersion":2586}