{"stats":{"minecraft:used":{"minecraft:crafting_table":1},"minecraft:custom":{"minecraft:jump":32,"minecraft:time_since_rest":1996,"minecraft:crouch_one_cm":779,"minecraft:damage_dealt":10,"minecraft:play_one_minute":1996,"minecraft:sprint_one_cm":3276,"minecraft:time_since_death":1996,"minecraft:walk_one_cm":2275,"minecraft:sneak_time":357,"minecraft:interact_with_crafting_table":1,"minecraft:fall_one_cm":1105,"minecraft:fly_one_cm":5452},"minecraft:picked_up":{"minecraft:crafting_table":1,"minecraft:oak_log":6,"minecraft:oak_planks":15},"minecraft:mined":{"minecraft:oak_log":6,"minecraft:crafting_table":1},"minecraft:crafted":{"minecraft:crafting_table":1,"minecraft:oak_planks":24,"minecraft:stick":4,"minecraft:wooden_pickaxe":1}},"DataVersion":2586}