{"stats":{"minecraft:dropped":{"minecraft:stone_axe":2,"minecraft:diorite":4,"minecraft:iron_axe":1,"minecraft:wooden_pickaxe":1,"minecraft:stone_pickaxe":2,"minecraft:bone":1},"minecraft:used":{"vanillahammers:stone_hammer":13,"minecraft:diorite":1,"minecraft:stone_pickaxe":107,"minecraft:wooden_pickaxe":14,"minecraft:shield":7,"minecraft:iron_sword":12,"minecraft:cooked_chicken":4,"minecraft:torch":61,"minecraft:crafting_table":5,"minecraft:granite":2,"minecraft:iron_axe":34,"minecraft:iron_pickaxe":96,"minecraft:gravel":1,"minecraft:stone_axe":36,"minecraft:cobblestone":67,"minecraft:furnace":4,"minecraft:cooked_porkchop":2,"minecraft:andesite":1,"minecraft:egg":3,"minecraft:cooked_beef":3},"minecraft:custom":{"minecraft:interact_with_furnace":39,"minecraft:mob_kills":26,"minecraft:interact_with_crafting_table":21,"minecraft:play_one_minute":33684,"minecraft:leave_game":2,"minecraft:time_since_death":33684,"minecraft:time_since_rest":33684,"minecraft:sprint_one_cm":55604,"minecraft:damage_taken":657,"minecraft:walk_one_cm":99516,"minecraft:damage_blocked_by_shield":670,"minecraft:drop":8,"minecraft:damage_dealt":3600,"minecraft:fly_one_cm":43823,"minecraft:crouch_one_cm":28238,"minecraft:sneak_time":8259,"minecraft:walk_under_water_one_cm":932,"minecraft:jump":514,"minecraft:walk_on_water_one_cm":5476,"minecraft:fall_one_cm":13676},"minecraft:killed":{"minecraft:pig":2,"minecraft:spider":5,"minecraft:sheep":2,"minecraft:skeleton":3,"minecraft:zombie":6,"minecraft:chicken":5,"minecraft:cow":1},"minecraft:picked_up":{"minecraft:crafting_table":6,"minecraft:feather":6,"minecraft:chicken":5,"minecraft:andesite":7,"minecraft:oak_log":17,"minecraft:dirt":13,"minecraft:string":6,"minecraft:iron_axe":1,"minecraft:bone":3,"minecraft:beef":3,"minecraft:stone_pickaxe":1,"minecraft:iron_ore":110,"minecraft:oak_planks":18,"minecraft:egg":3,"minecraft:furnace":3,"minecraft:torch":13,"minecraft:gravel":1,"minecraft:porkchop":6,"minecraft:diorite":5,"minecraft:gold_ore":4,"minecraft:arrow":4,"minecraft:rotten_flesh":7,"minecraft:stone_axe":1,"minecraft:granite":2,"minecraft:mutton":3,"minecraft:coal":107,"minecraft:white_wool":2,"minecraft:cobblestone":126},"minecraft:mined":{"minecraft:crafting_table":6,"minecraft:torch":1,"minecraft:granite":1,"minecraft:grass_block":1,"minecraft:cobblestone":5,"minecraft:oak_planks":2,"minecraft:diorite":5,"minecraft:wall_torch":7,"minecraft:furnace":3,"minecraft:iron_ore":106,"minecraft:andesite":2,"minecraft:birch_leaves":5,"minecraft:grass":1,"minecraft:oak_log":17,"minecraft:coal_ore":57,"minecraft:dirt":2,"minecraft:cobweb":1,"minecraft:stone":114,"minecraft:gold_ore":4},"minecraft:crafted":{"minecraft:cooked_beef":3,"minecraft:oak_planks":68,"minecraft:cooked_porkchop":6,"minecraft:crafting_table":1,"minecraft:iron_helmet":1,"minecraft:wooden_pickaxe":1,"minecraft:cooked_chicken":5,"minecraft:iron_sword":1,"minecraft:furnace":2,"minecraft:stone":2,"minecraft:bucket":1,"minecraft:stone_axe":1,"minecraft:cooked_mutton":3,"minecraft:air":0,"vanillahammers:stone_hammer":1,"minecraft:iron_boots":1,"minecraft:iron_chestplate":1,"minecraft:shield":1,"minecraft:iron_axe":1,"minecraft:stick":40,"minecraft:iron_ingot":36,"minecraft:iron_pickaxe":1,"minecraft:stone_pickaxe":1,"minecraft:iron_leggings":1,"minecraft:torch":68}},"DataVersion":2586}