{"stats":{"minecraft:used":{"vanillahammers:stone_hammer":5,"minecraft:stone_pickaxe":70,"minecraft:wooden_pickaxe":14,"minecraft:cooked_chicken":3,"minecraft:stone_axe":26,"minecraft:torch":3,"minecraft:cobblestone":16,"minecraft:crafting_table":3,"minecraft:furnace":1,"minecraft:granite":1},"minecraft:custom":{"minecraft:time_since_rest":13996,"minecraft:interact_with_furnace":14,"minecraft:sprint_one_cm":20965,"minecraft:damage_taken":190,"minecraft:walk_one_cm":27419,"minecraft:mob_kills":10,"minecraft:damage_dealt":670,"minecraft:interact_with_crafting_table":12,"minecraft:fly_one_cm":29390,"minecraft:crouch_one_cm":9258,"minecraft:play_one_minute":13996,"minecraft:sneak_time":3422,"minecraft:jump":280,"minecraft:time_since_death":13996,"minecraft:walk_on_water_one_cm":297,"minecraft:fall_one_cm":8058},"minecraft:killed":{"minecraft:sheep":2,"minecraft:pig":2,"minecraft:chicken":5,"minecraft:cow":1},"minecraft:picked_up":{"minecraft:crafting_table":4,"minecraft:feather":6,"minecraft:chicken":5,"minecraft:porkchop":6,"minecraft:oak_log":17,"minecraft:diorite":4,"minecraft:dirt":3,"minecraft:granite":1,"minecraft:beef":3,"minecraft:iron_ore":6,"minecraft:coal":40,"minecraft:mutton":3,"minecraft:oak_planks":15,"minecraft:furnace":1,"minecraft:white_wool":2,"minecraft:cobblestone":72,"minecraft:egg":3},"minecraft:mined":{"minecraft:furnace":1,"minecraft:iron_ore":6,"minecraft:birch_leaves":5,"minecraft:crafting_table":4,"minecraft:granite":1,"minecraft:grass":1,"minecraft:grass_block":1,"minecraft:coal_ore":22,"minecraft:oak_log":17,"minecraft:dirt":2,"minecraft:cobblestone":3,"minecraft:stone":73,"minecraft:diorite":4},"minecraft:crafted":{"minecraft:cooked_beef":3,"vanillahammers:stone_hammer":1,"minecraft:oak_planks":68,"minecraft:cooked_porkchop":3,"minecraft:crafting_table":1,"minecraft:stick":12,"minecraft:iron_ingot":3,"minecraft:cooked_chicken":4,"minecraft:wooden_pickaxe":1,"minecraft:stone_pickaxe":1,"minecraft:furnace":1,"minecraft:stone":2,"minecraft:torch":8,"minecraft:stone_axe":1,"minecraft:air":0}},"DataVersion":2586}