{"stats":{"minecraft:killed_by":{"minecraft:skeleton":1,"minecraft:creeper":2,"minecraft:pillager":4},"minecraft:dropped":{"minecraft:birch_planks":1,"minecraft:wheat_seeds":7,"minecraft:diamond":3,"minecraft:stick":4,"minecraft:torch":1,"minecraft:spider_eye":3,"minecraft:wooden_pickaxe":1,"minecraft:quartz":11},"minecraft:used":{"vanillahammers:emerald_hammer":56,"minecraft:water_bucket":8,"minecraft:oak_planks":2,"minecraft:chest":1,"minecraft:wooden_pickaxe":6,"minecraft:cooked_salmon":2,"minecraft:netherrack":1,"minecraft:crafting_table":3,"minecraft:purple_terracotta":2,"minecraft:granite":2,"minecraft:diamond_pickaxe":139,"minecraft:bread":14,"minecraft:crimson_planks":3,"minecraft:golden_sword":41,"minecraft:cobblestone":33,"minecraft:furnace":1,"minecraft:andesite":1,"minecraft:bucket":9,"minecraft:acacia_planks":2,"minecraft:orange_terracotta":4},"minecraft:custom":{"minecraft:interact_with_furnace":5,"minecraft:mob_kills":6,"minecraft:interact_with_crafting_table":9,"minecraft:open_barrel":10,"minecraft:play_one_minute":82861,"minecraft:time_since_death":17539,"minecraft:sleep_in_bed":1,"minecraft:climb_one_cm":2594,"minecraft:time_since_rest":17588,"minecraft:sprint_one_cm":134751,"minecraft:damage_taken":2495,"minecraft:walk_one_cm":101285,"minecraft:drop":10,"minecraft:damage_dealt":1769,"minecraft:swim_one_cm":71581,"minecraft:talked_to_villager":1,"minecraft:fly_one_cm":438752,"minecraft:open_chest":34,"minecraft:crouch_one_cm":415,"minecraft:deaths":7,"minecraft:sneak_time":331,"minecraft:walk_under_water_one_cm":10443,"minecraft:jump":1754,"minecraft:walk_on_water_one_cm":17039,"minecraft:fall_one_cm":60349},"minecraft:killed":{"minecraft:vindicator":4,"minecraft:pillager":1,"minecraft:chicken":1},"minecraft:broken":{"minecraft:golden_sword":1},"minecraft:picked_up":{"minecraft:birch_log":2,"minecraft:crafting_table":1,"minecraft:iron_chestplate":1,"minecraft:andesite":39,"minecraft:water_bucket":2,"minecraft:cut_sandstone":5,"minecraft:wooden_pickaxe":2,"minecraft:enchanted_book":3,"minecraft:oak_log":2,"minecraft:crimson_planks":1,"minecraft:golden_sword":1,"minecraft:gunpowder":13,"minecraft:paper":12,"minecraft:orange_terracotta":4,"minecraft:flint_and_steel":2,"minecraft:bone":41,"minecraft:wheat_seeds":18,"minecraft:gold_nugget":6,"minecraft:iron_ingot":1,"minecraft:iron_ore":39,"minecraft:iron_nugget":16,"minecraft:golden_helmet":1,"minecraft:oak_slab":2,"minecraft:stripped_crimson_hyphae":1,"minecraft:sandstone":26,"minecraft:torch":2,"minecraft:quartz":22,"minecraft:acacia_log":6,"minecraft:fire_charge":3,"minecraft:sand":2,"minecraft:jungle_planks":1,"minecraft:diorite":7,"minecraft:redstone":44,"minecraft:spider_eye":3,"minecraft:purple_terracotta":2,"minecraft:arrow":4,"minecraft:rotten_flesh":14,"minecraft:diamond":3,"minecraft:golden_hoe":2,"minecraft:granite":34,"minecraft:gold_ingot":4,"minecraft:emerald":11,"minecraft:saddle":2,"minecraft:bread":30,"minecraft:golden_horse_armor":3,"minecraft:netherrack":1,"minecraft:obsidian":2,"minecraft:coal":1,"minecraft:cobblestone":492,"minecraft:diamond_pickaxe":1},"minecraft:crafted":{"minecraft:crimson_planks":4,"minecraft:oak_planks":4,"minecraft:crafting_table":2,"minecraft:wooden_pickaxe":1,"minecraft:furnace":1,"minecraft:birch_planks":8,"minecraft:air":0,"minecraft:emerald_block":2,"minecraft:diamond_pickaxe":1,"minecraft:stick":12,"minecraft:iron_ingot":3,"minecraft:chest":1,"vanillahammers:emerald_hammer":1,"minecraft:acacia_planks":24},"minecraft:mined":{"minecraft:oak_slab":2,"minecraft:acacia_leaves":3,"minecraft:glass_pane":1,"minecraft:crafting_table":2,"minecraft:stripped_crimson_hyphae":1,"minecraft:granite":38,"minecraft:purple_terracotta":2,"minecraft:acacia_log":6,"minecraft:grass_block":2,"minecraft:jungle_planks":1,"minecraft:cobblestone":4,"minecraft:diorite":16,"minecraft:wall_torch":1,"minecraft:spawner":2,"minecraft:redstone_ore":9,"minecraft:iron_ore":34,"minecraft:birch_log":2,"minecraft:andesite":49,"minecraft:grass":11,"minecraft:coal_ore":1,"minecraft:oak_log":2,"minecraft:sand":2,"minecraft:dirt":4,"minecraft:crimson_planks":1,"minecraft:stone":474,"minecraft:netherrack":1}},"DataVersion":2586}