{"stats":{"minecraft:killed_by":{"mowziesmobs:ferrous_wroughtnaut":8,"minecraft:skeleton":1,"minecraft:creeper":2,"minecraft:pillager":4},"minecraft:dropped":{"minecraft:water_bucket":1,"minecraft:bread":8,"minecraft:birch_planks":1,"minecraft:wheat_seeds":8,"minecraft:iron_nugget":7,"minecraft:diamond":3,"minecraft:cobblestone":1083,"minecraft:granite":90,"minecraft:stick":4,"minecraft:milk_bucket":1,"minecraft:diorite":13,"minecraft:torch":1,"minecraft:andesite":90,"minecraft:spider_eye":3,"minecraft:wooden_pickaxe":1,"minecraft:quartz":11},"minecraft:used":{"vanillahammers:emerald_hammer":207,"minecraft:water_bucket":8,"minecraft:oak_planks":2,"minecraft:shield":9,"minecraft:chest":1,"minecraft:wooden_pickaxe":6,"minecraft:cooked_salmon":2,"minecraft:netherrack":1,"minecraft:orange_bed":1,"minecraft:crafting_table":4,"minecraft:purple_terracotta":2,"minecraft:granite":2,"minecraft:diamond_pickaxe":139,"minecraft:bread":16,"minecraft:crimson_planks":3,"minecraft:golden_sword":41,"minecraft:cobblestone":33,"minecraft:furnace":1,"minecraft:skeleton_skull":1,"minecraft:andesite":1,"minecraft:bucket":9,"minecraft:acacia_planks":2,"minecraft:orange_terracotta":4},"minecraft:custom":{"minecraft:interact_with_furnace":11,"minecraft:mob_kills":13,"minecraft:interact_with_crafting_table":16,"minecraft:open_barrel":11,"minecraft:play_one_minute":106861,"minecraft:time_since_death":10905,"minecraft:sleep_in_bed":2,"minecraft:climb_one_cm":2594,"minecraft:time_since_rest":6688,"minecraft:sprint_one_cm":172347,"minecraft:damage_taken":5307,"minecraft:walk_one_cm":226604,"minecraft:damage_blocked_by_shield":515,"minecraft:drop":39,"minecraft:damage_dealt":2730,"minecraft:swim_one_cm":75906,"minecraft:talked_to_villager":1,"minecraft:fly_one_cm":476606,"minecraft:open_chest":46,"minecraft:crouch_one_cm":436,"minecraft:deaths":15,"minecraft:sneak_time":391,"minecraft:walk_under_water_one_cm":15218,"minecraft:jump":1995,"minecraft:walk_on_water_one_cm":19485,"minecraft:fall_one_cm":67240},"minecraft:killed":{"mowziesmobs:barakoan_barakoana":4,"minecraft:vindicator":4,"minecraft:pillager":1,"mowziesmobs:ferrous_wroughtnaut":1,"minecraft:zombie":1,"mowziesmobs:barakoana":1,"minecraft:chicken":1},"minecraft:broken":{"minecraft:shield":1,"minecraft:golden_sword":1},"minecraft:picked_up":{"minecraft:birch_log":2,"minecraft:crafting_table":3,"minecraft:iron_chestplate":8,"minecraft:andesite":113,"minecraft:water_bucket":14,"minecraft:cut_sandstone":5,"minecraft:wooden_pickaxe":8,"minecraft:enchanted_book":3,"minecraft:oak_log":2,"minecraft:crimson_planks":1,"minecraft:shield":3,"minecraft:golden_sword":1,"minecraft:gunpowder":13,"minecraft:iron_leggings":6,"minecraft:paper":12,"minecraft:orange_terracotta":4,"minecraft:flint_and_steel":9,"minecraft:bone":41,"minecraft:acacia_planks":18,"vanillahammers:emerald_hammer":6,"minecraft:wheat_seeds":39,"minecraft:gold_nugget":24,"minecraft:iron_ingot":49,"minecraft:iron_ore":44,"minecraft:iron_nugget":16,"minecraft:iron_pickaxe":2,"minecraft:honeycomb":24,"minecraft:iron_boots":8,"minecraft:golden_helmet":1,"minecraft:oak_slab":14,"minecraft:stripped_crimson_hyphae":1,"minecraft:sandstone":26,"minecraft:milk_bucket":12,"minecraft:torch":2,"minecraft:quartz":22,"minecraft:acacia_log":6,"minecraft:fire_charge":3,"minecraft:sand":2,"minecraft:jungle_planks":1,"minecraft:diorite":13,"minecraft:gold_ore":26,"minecraft:redstone":377,"minecraft:spider_eye":3,"minecraft:purple_terracotta":2,"minecraft:orange_bed":1,"minecraft:arrow":16,"minecraft:rotten_flesh":14,"minecraft:cooked_cod":6,"minecraft:diamond":9,"minecraft:golden_hoe":2,"minecraft:iron_helmet":5,"minecraft:granite":143,"minecraft:gold_ingot":4,"minecraft:emerald":11,"minecraft:saddle":2,"minecraft:bread":103,"minecraft:golden_horse_armor":3,"minecraft:netherrack":1,"minecraft:obsidian":2,"minecraft:white_wool":3,"minecraft:coal":27,"minecraft:skeleton_skull":2,"minecraft:cobblestone":1665,"minecraft:diamond_pickaxe":8},"minecraft:crafted":{"minecraft:crimson_planks":4,"minecraft:oak_planks":4,"minecraft:crafting_table":2,"minecraft:iron_helmet":1,"minecraft:wooden_pickaxe":1,"minecraft:furnace":1,"minecraft:birch_planks":8,"minecraft:air":0,"minecraft:emerald_block":2,"minecraft:diamond_pickaxe":1,"minecraft:shield":2,"minecraft:stick":12,"minecraft:iron_ingot":24,"minecraft:chest":1,"minecraft:iron_leggings":1,"vanillahammers:emerald_hammer":1,"minecraft:acacia_planks":24},"minecraft:mined":{"minecraft:oak_slab":2,"minecraft:acacia_leaves":3,"minecraft:glass_pane":1,"minecraft:crafting_table":3,"minecraft:stripped_crimson_hyphae":1,"minecraft:granite":155,"minecraft:purple_terracotta":2,"minecraft:acacia_log":6,"minecraft:grass_block":2,"minecraft:jungle_planks":1,"minecraft:cobblestone":4,"minecraft:diorite":18,"minecraft:wall_torch":1,"minecraft:spawner":2,"minecraft:redstone_ore":14,"minecraft:iron_ore":39,"minecraft:birch_log":2,"minecraft:andesite":116,"minecraft:grass":11,"minecraft:coal_ore":27,"minecraft:oak_log":2,"minecraft:sand":2,"minecraft:dirt":4,"minecraft:crimson_planks":1,"minecraft:stone":1475,"minecraft:netherrack":1,"minecraft:gold_ore":14,"minecraft:diamond_ore":6,"minecraft:orange_bed":1}},"DataVersion":2586}