{"stats":{"minecraft:killed_by":{"minecraft:skeleton":1,"minecraft:creeper":1,"minecraft:pillager":4},"minecraft:dropped":{"minecraft:birch_planks":1,"minecraft:wheat_seeds":3,"minecraft:stick":4,"minecraft:torch":1,"minecraft:quartz":11},"minecraft:used":{"minecraft:water_bucket":8,"minecraft:oak_planks":2,"minecraft:wooden_pickaxe":5,"minecraft:cooked_salmon":1,"minecraft:netherrack":1,"minecraft:crafting_table":2,"minecraft:purple_terracotta":2,"minecraft:diamond_pickaxe":20,"minecraft:bread":14,"minecraft:crimson_planks":1,"minecraft:golden_sword":24,"minecraft:cobblestone":14,"minecraft:bucket":9,"minecraft:acacia_planks":2,"minecraft:orange_terracotta":4},"minecraft:custom":{"minecraft:mob_kills":2,"minecraft:interact_with_crafting_table":2,"minecraft:open_barrel":4,"minecraft:play_one_minute":58861,"minecraft:time_since_death":29424,"minecraft:sleep_in_bed":1,"minecraft:climb_one_cm":516,"minecraft:time_since_rest":29457,"minecraft:sprint_one_cm":126874,"minecraft:damage_taken":2180,"minecraft:walk_one_cm":62986,"minecraft:drop":6,"minecraft:damage_dealt":660,"minecraft:swim_one_cm":70198,"minecraft:talked_to_villager":1,"minecraft:fly_one_cm":422298,"minecraft:open_chest":19,"minecraft:crouch_one_cm":25,"minecraft:deaths":6,"minecraft:sneak_time":124,"minecraft:walk_under_water_one_cm":9878,"minecraft:jump":1618,"minecraft:walk_on_water_one_cm":15803,"minecraft:fall_one_cm":58224},"minecraft:killed":{"minecraft:pillager":1,"minecraft:chicken":1},"minecraft:picked_up":{"minecraft:birch_log":2,"minecraft:water_bucket":1,"minecraft:cut_sandstone":5,"minecraft:oak_log":2,"minecraft:crimson_planks":1,"minecraft:paper":6,"minecraft:orange_terracotta":4,"minecraft:flint_and_steel":1,"minecraft:bone":3,"minecraft:wheat_seeds":10,"minecraft:gold_nugget":3,"minecraft:iron_ore":5,"minecraft:sandstone":26,"minecraft:torch":2,"minecraft:quartz":11,"minecraft:acacia_log":2,"minecraft:fire_charge":1,"minecraft:sand":2,"minecraft:jungle_planks":1,"minecraft:purple_terracotta":2,"minecraft:arrow":2,"minecraft:rotten_flesh":4,"minecraft:bread":20,"minecraft:golden_horse_armor":1,"minecraft:netherrack":1,"minecraft:obsidian":1,"minecraft:cobblestone":20},"minecraft:mined":{"minecraft:glass_pane":1,"minecraft:crafting_table":1,"minecraft:purple_terracotta":2,"minecraft:acacia_log":2,"minecraft:grass_block":2,"minecraft:jungle_planks":1,"minecraft:cobblestone":4,"minecraft:wall_torch":1,"minecraft:spawner":1,"minecraft:iron_ore":5,"minecraft:birch_log":2,"minecraft:grass":11,"minecraft:oak_log":2,"minecraft:sand":2,"minecraft:crimson_planks":1,"minecraft:stone":12,"minecraft:netherrack":1},"minecraft:crafted":{"minecraft:oak_planks":4,"minecraft:crafting_table":2,"minecraft:wooden_pickaxe":1,"minecraft:birch_planks":8,"minecraft:diamond_pickaxe":1,"minecraft:stick":8,"minecraft:acacia_planks":8}},"DataVersion":2586}