{"stats":{"minecraft:killed_by":{"minecraft:skeleton":1,"minecraft:creeper":2,"minecraft:pillager":4},"minecraft:dropped":{"minecraft:birch_planks":1,"minecraft:wheat_seeds":7,"minecraft:stick":4,"minecraft:torch":1,"minecraft:spider_eye":3,"minecraft:wooden_pickaxe":1,"minecraft:quartz":11},"minecraft:used":{"minecraft:water_bucket":8,"minecraft:oak_planks":2,"minecraft:chest":1,"minecraft:wooden_pickaxe":6,"minecraft:cooked_salmon":1,"minecraft:netherrack":1,"minecraft:crafting_table":3,"minecraft:purple_terracotta":2,"minecraft:granite":2,"minecraft:diamond_pickaxe":106,"minecraft:bread":14,"minecraft:crimson_planks":3,"minecraft:golden_sword":41,"minecraft:cobblestone":33,"minecraft:bucket":9,"minecraft:acacia_planks":2,"minecraft:orange_terracotta":4},"minecraft:custom":{"minecraft:mob_kills":3,"minecraft:interact_with_crafting_table":3,"minecraft:open_barrel":4,"minecraft:play_one_minute":70861,"minecraft:time_since_death":5539,"minecraft:sleep_in_bed":1,"minecraft:climb_one_cm":516,"minecraft:time_since_rest":5588,"minecraft:sprint_one_cm":131911,"minecraft:damage_taken":2385,"minecraft:walk_one_cm":77190,"minecraft:drop":9,"minecraft:damage_dealt":1330,"minecraft:swim_one_cm":71581,"minecraft:talked_to_villager":1,"minecraft:fly_one_cm":434057,"minecraft:open_chest":22,"minecraft:crouch_one_cm":25,"minecraft:deaths":7,"minecraft:sneak_time":132,"minecraft:walk_under_water_one_cm":10443,"minecraft:jump":1700,"minecraft:walk_on_water_one_cm":16863,"minecraft:fall_one_cm":59662},"minecraft:killed":{"minecraft:vindicator":1,"minecraft:pillager":1,"minecraft:chicken":1},"minecraft:broken":{"minecraft:golden_sword":1},"minecraft:picked_up":{"minecraft:birch_log":2,"minecraft:crafting_table":1,"minecraft:iron_chestplate":1,"minecraft:water_bucket":2,"minecraft:cut_sandstone":5,"minecraft:wooden_pickaxe":2,"minecraft:enchanted_book":3,"minecraft:oak_log":2,"minecraft:crimson_planks":1,"minecraft:golden_sword":1,"minecraft:gunpowder":13,"minecraft:paper":12,"minecraft:orange_terracotta":4,"minecraft:flint_and_steel":2,"minecraft:bone":41,"minecraft:wheat_seeds":18,"minecraft:gold_nugget":6,"minecraft:iron_ingot":1,"minecraft:iron_ore":16,"minecraft:iron_nugget":16,"minecraft:golden_helmet":1,"minecraft:stripped_crimson_hyphae":1,"minecraft:sandstone":26,"minecraft:torch":2,"minecraft:quartz":22,"minecraft:acacia_log":6,"minecraft:fire_charge":3,"minecraft:sand":2,"minecraft:jungle_planks":1,"minecraft:spider_eye":3,"minecraft:purple_terracotta":2,"minecraft:arrow":4,"minecraft:rotten_flesh":14,"minecraft:diamond":3,"minecraft:golden_hoe":2,"minecraft:granite":4,"minecraft:gold_ingot":4,"minecraft:emerald":3,"minecraft:saddle":2,"minecraft:bread":30,"minecraft:golden_horse_armor":3,"minecraft:netherrack":1,"minecraft:obsidian":2,"minecraft:cobblestone":148,"minecraft:diamond_pickaxe":1},"minecraft:crafted":{"minecraft:crimson_planks":4,"minecraft:oak_planks":4,"minecraft:crafting_table":2,"minecraft:wooden_pickaxe":1,"minecraft:birch_planks":8,"minecraft:diamond_pickaxe":1,"minecraft:stick":8,"minecraft:chest":1,"minecraft:acacia_planks":24},"minecraft:mined":{"minecraft:acacia_leaves":3,"minecraft:glass_pane":1,"minecraft:crafting_table":2,"minecraft:stripped_crimson_hyphae":1,"minecraft:granite":2,"minecraft:purple_terracotta":2,"minecraft:acacia_log":6,"minecraft:grass_block":2,"minecraft:jungle_planks":1,"minecraft:cobblestone":4,"minecraft:diorite":5,"minecraft:wall_torch":1,"minecraft:spawner":1,"minecraft:iron_ore":11,"minecraft:birch_log":2,"minecraft:grass":11,"minecraft:oak_log":2,"minecraft:sand":2,"minecraft:dirt":4,"minecraft:crimson_planks":1,"minecraft:stone":82,"minecraft:netherrack":1}},"DataVersion":2586}