{"stats":{"minecraft:used":{"minecraft:bread":3,"minecraft:bucket":1},"minecraft:custom":{"minecraft:open_barrel":3,"minecraft:time_since_rest":2961,"minecraft:open_chest":10,"minecraft:play_one_minute":10861,"minecraft:crouch_one_cm":25,"minecraft:sprint_one_cm":40574,"minecraft:damage_taken":100,"minecraft:walk_one_cm":21741,"minecraft:sneak_time":5,"minecraft:walk_under_water_one_cm":409,"minecraft:jump":481,"minecraft:time_since_death":10861,"minecraft:walk_on_water_one_cm":1035,"minecraft:sleep_in_bed":1,"minecraft:swim_one_cm":562,"minecraft:fall_one_cm":17392,"minecraft:fly_one_cm":127128},"minecraft:picked_up":{"minecraft:rotten_flesh":2,"minecraft:torch":1,"minecraft:wheat_seeds":3,"minecraft:oak_log":1},"minecraft:mined":{"minecraft:oak_log":1,"minecraft:glass_pane":1,"minecraft:wall_torch":1}},"DataVersion":2586}