{"stats":{"minecraft:dropped":{"minecraft:bread":8,"minecraft:birch_planks":1,"minecraft:wheat_seeds":7,"minecraft:iron_nugget":7,"minecraft:diamond":3,"minecraft:cobblestone":437,"minecraft:granite":56,"minecraft:stick":4,"minecraft:diorite":11,"minecraft:torch":1,"minecraft:andesite":42,"minecraft:spider_eye":3,"minecraft:wooden_pickaxe":1,"minecraft:quartz":11},"minecraft:killed_by":{"mowziesmobs:ferrous_wroughtnaut":5,"minecraft:skeleton":1,"minecraft:creeper":2,"minecraft:pillager":4},"minecraft:used":{"vanillahammers:emerald_hammer":71,"minecraft:water_bucket":8,"minecraft:oak_planks":2,"minecraft:shield":6,"minecraft:chest":1,"minecraft:wooden_pickaxe":6,"minecraft:cooked_salmon":2,"minecraft:netherrack":1,"minecraft:orange_bed":1,"minecraft:crafting_table":4,"minecraft:purple_terracotta":2,"minecraft:granite":2,"minecraft:diamond_pickaxe":139,"minecraft:bread":14,"minecraft:crimson_planks":3,"minecraft:golden_sword":41,"minecraft:cobblestone":33,"minecraft:furnace":1,"minecraft:skeleton_skull":1,"minecraft:andesite":1,"minecraft:bucket":9,"minecraft:acacia_planks":2,"minecraft:orange_terracotta":4},"minecraft:custom":{"minecraft:interact_with_furnace":11,"minecraft:mob_kills":6,"minecraft:interact_with_crafting_table":16,"minecraft:open_barrel":11,"minecraft:play_one_minute":94861,"minecraft:time_since_death":1276,"minecraft:sleep_in_bed":1,"minecraft:climb_one_cm":2594,"minecraft:time_since_rest":1303,"minecraft:sprint_one_cm":158496,"minecraft:damage_taken":4179,"minecraft:walk_one_cm":165969,"minecraft:damage_blocked_by_shield":485,"minecraft:drop":22,"minecraft:damage_dealt":2009,"minecraft:swim_one_cm":71581,"minecraft:talked_to_villager":1,"minecraft:fly_one_cm":451378,"minecraft:open_chest":45,"minecraft:crouch_one_cm":415,"minecraft:deaths":12,"minecraft:sneak_time":331,"minecraft:walk_under_water_one_cm":10443,"minecraft:jump":1851,"minecraft:walk_on_water_one_cm":17039,"minecraft:fall_one_cm":62921},"minecraft:killed":{"minecraft:vindicator":4,"minecraft:pillager":1,"minecraft:chicken":1},"minecraft:broken":{"minecraft:shield":1,"minecraft:golden_sword":1},"minecraft:picked_up":{"minecraft:birch_log":2,"minecraft:crafting_table":2,"minecraft:iron_chestplate":5,"minecraft:andesite":50,"minecraft:water_bucket":9,"minecraft:cut_sandstone":5,"minecraft:wooden_pickaxe":6,"minecraft:enchanted_book":3,"minecraft:oak_log":2,"minecraft:crimson_planks":1,"minecraft:shield":2,"minecraft:golden_sword":1,"minecraft:gunpowder":13,"minecraft:iron_leggings":4,"minecraft:paper":12,"minecraft:orange_terracotta":4,"minecraft:flint_and_steel":7,"minecraft:bone":41,"minecraft:acacia_planks":18,"vanillahammers:emerald_hammer":4,"minecraft:wheat_seeds":34,"minecraft:gold_nugget":18,"minecraft:iron_ingot":27,"minecraft:iron_ore":44,"minecraft:iron_nugget":16,"minecraft:honeycomb":16,"minecraft:iron_boots":5,"minecraft:golden_helmet":1,"minecraft:oak_slab":12,"minecraft:stripped_crimson_hyphae":1,"minecraft:sandstone":26,"minecraft:milk_bucket":8,"minecraft:torch":2,"minecraft:quartz":22,"minecraft:acacia_log":6,"minecraft:fire_charge":3,"minecraft:sand":2,"minecraft:jungle_planks":1,"minecraft:diorite":11,"minecraft:gold_ore":18,"minecraft:redstone":260,"minecraft:spider_eye":3,"minecraft:purple_terracotta":2,"minecraft:orange_bed":1,"minecraft:arrow":12,"minecraft:rotten_flesh":14,"minecraft:cooked_cod":4,"minecraft:diamond":3,"minecraft:golden_hoe":2,"minecraft:iron_helmet":2,"minecraft:granite":60,"minecraft:gold_ingot":4,"minecraft:emerald":11,"minecraft:saddle":2,"minecraft:bread":89,"minecraft:golden_horse_armor":3,"minecraft:netherrack":1,"minecraft:obsidian":2,"minecraft:coal":9,"minecraft:skeleton_skull":2,"minecraft:cobblestone":717,"minecraft:diamond_pickaxe":6},"minecraft:crafted":{"minecraft:crimson_planks":4,"minecraft:oak_planks":4,"minecraft:crafting_table":2,"minecraft:iron_helmet":1,"minecraft:wooden_pickaxe":1,"minecraft:furnace":1,"minecraft:birch_planks":8,"minecraft:air":0,"minecraft:emerald_block":2,"minecraft:diamond_pickaxe":1,"minecraft:shield":2,"minecraft:stick":12,"minecraft:iron_ingot":24,"minecraft:chest":1,"minecraft:iron_leggings":1,"vanillahammers:emerald_hammer":1,"minecraft:acacia_planks":24},"minecraft:mined":{"minecraft:oak_slab":2,"minecraft:acacia_leaves":3,"minecraft:glass_pane":1,"minecraft:crafting_table":3,"minecraft:stripped_crimson_hyphae":1,"minecraft:granite":58,"minecraft:purple_terracotta":2,"minecraft:acacia_log":6,"minecraft:grass_block":2,"minecraft:jungle_planks":1,"minecraft:cobblestone":4,"minecraft:diorite":16,"minecraft:wall_torch":1,"minecraft:spawner":2,"minecraft:redstone_ore":11,"minecraft:iron_ore":39,"minecraft:birch_log":2,"minecraft:andesite":50,"minecraft:grass":11,"minecraft:coal_ore":9,"minecraft:oak_log":2,"minecraft:sand":2,"minecraft:dirt":4,"minecraft:crimson_planks":1,"minecraft:stone":546,"minecraft:netherrack":1,"minecraft:gold_ore":6,"minecraft:orange_bed":1}},"DataVersion":2586}