{"stats":{"minecraft:killed_by":{"minecraft:zombie":1},"minecraft:used":{"minecraft:dirt":22},"minecraft:mined":{"minecraft:grass_block":6,"minecraft:dirt":2},"minecraft:picked_up":{"minecraft:dirt":44},"minecraft:custom":{"minecraft:jump":107,"minecraft:time_since_rest":1834,"minecraft:damage_dealt":10,"minecraft:damage_taken":255,"minecraft:leave_game":2,"minecraft:play_one_minute":3346,"minecraft:time_since_death":1237,"minecraft:sprint_one_cm":4479,"minecraft:walk_one_cm":4605,"minecraft:walk_on_water_one_cm":255,"minecraft:deaths":1,"minecraft:fall_one_cm":4892,"minecraft:fly_one_cm":18118}},"DataVersion":2586}