{"stats":{"minecraft:killed_by":{"minecraft:zombie_villager":3,"mineminenomi:bandit_brute":2,"mineminenomi:pirate_brute":14,"mineminenomi:pirate_with_gun":1,"mineminenomi:pirate_captain":17,"minecraft:pillager":1,"mineminenomi:bandit_with_sword":1,"minecraft:drowned":4,"mineminenomi:marine_bomber":1,"minecraft:vindicator":8,"minecraft:skeleton":2,"minecraft:witch":2,"minecraft:zombie":1,"mineminenomi:marine_with_gun":1,"mineminenomi:pirate_with_sword":13,"mineminenomi:marine_sniper":3},"minecraft:mined":{"minecraft:dark_oak_planks":2,"mineminenomi:design_barrel":4,"minecraft:spruce_planks":1,"minecraft:dark_oak_log":1,"minecraft:spruce_trapdoor":3,"minecraft:granite":4,"minecraft:grass_block":12,"minecraft:jungle_planks":9,"minecraft:light_gray_bed":3,"mineminenomi:den_den_mushi":1,"minecraft:spawner":2,"minecraft:hay_block":10,"minecraft:tall_seagrass":1,"minecraft:iron_ore":69,"mineminenomi:wanted_poster_package":1,"minecraft:fire":53,"minecraft:barrel":4,"minecraft:andesite":26,"minecraft:anvil":1,"minecraft:packed_ice":47,"minecraft:stone":335,"minecraft:spruce_slab":7,"minecraft:kelp_plant":1,"minecraft:brown_carpet":1,"minecraft:jungle_stairs":1,"minecraft:chest":1,"minecraft:tall_grass":3,"minecraft:oak_planks":2,"minecraft:diorite":11,"minecraft:spruce_stairs":3,"minecraft:seagrass":2,"minecraft:repeater":1,"minecraft:dark_oak_slab":1,"minecraft:stripped_spruce_wood":7,"minecraft:wheat":361,"minecraft:tnt":1,"minecraft:orange_tulip":1,"minecraft:yellow_bed":1,"minecraft:grass_path":1,"minecraft:grass":17,"minecraft:oak_log":11,"minecraft:coal_ore":33,"minecraft:dirt":8,"minecraft:tripwire_hook":2,"minecraft:oak_leaves":4},"minecraft:dropped":{"minecraft:wheat_seeds":1081,"mineminenomi:bullet":20,"minecraft:cobblestone":186,"minecraft:spruce_stairs":1,"minecraft:stick":4,"minecraft:dirt":2,"minecraft:diorite":8,"minecraft:iron_leggings":1,"minecraft:tripwire_hook":2,"minecraft:dandelion":2,"minecraft:bowl":5,"minecraft:oak_planks":16,"minecraft:suspicious_stew":1,"minecraft:gunpowder":3,"minecraft:spruce_trapdoor":1,"minecraft:spruce_planks":10,"minecraft:andesite":26,"minecraft:oak_sapling":1,"minecraft:spruce_slab":5},"minecraft:custom":{"minecraft:mob_kills":211,"minecraft:inspect_hopper":7,"minecraft:interact_with_crafting_table":21,"minecraft:open_barrel":47,"minecraft:leave_game":4,"minecraft:time_since_death":11772,"minecraft:climb_one_cm":25037,"minecraft:sprint_one_cm":342287,"minecraft:walk_one_cm":517776,"minecraft:damage_blocked_by_shield":160,"minecraft:drop":52,"minecraft:talked_to_villager":4,"minecraft:sneak_time":2846,"minecraft:deaths":75,"minecraft:walk_under_water_one_cm":93812,"minecraft:jump":3824,"minecraft:walk_on_water_one_cm":153478,"minecraft:interact_with_furnace":9,"minecraft:play_one_minute":233889,"minecraft:sleep_in_bed":3,"minecraft:time_since_rest":11839,"minecraft:damage_taken":25143,"minecraft:damage_dealt":39448,"minecraft:swim_one_cm":332118,"minecraft:fly_one_cm":662811,"minecraft:open_chest":94,"minecraft:crouch_one_cm":1634,"minecraft:interact_with_smoker":1,"minecraft:fall_one_cm":111802,"minecraft:inspect_dispenser":3},"minecraft:crafted":{"minecraft:wooden_sword":1,"minecraft:oak_planks":36,"minecraft:furnace":2,"minecraft:quartz_block":2,"minecraft:chest":3,"minecraft:dark_oak_planks":4,"vanillahammers:quartz_hammer":1,"minecraft:wheat":90,"minecraft:crafting_table":4,"minecraft:spruce_planks":44,"minecraft:iron_helmet":1,"minecraft:iron_sword":1,"minecraft:bread":129,"minecraft:diamond_pickaxe":1,"minecraft:shield":1,"minecraft:stick":12,"minecraft:iron_ingot":3,"minecraft:iron_leggings":1,"minecraft:torch":28},"minecraft:broken":{"minecraft:iron_boots":1,"minecraft:iron_leggings":1},"minecraft:used":{"minecraft:dried_kelp":6,"minecraft:spruce_slab":4,"minecraft:chest":4,"minecraft:spruce_planks":17,"minecraft:shield":4,"minecraft:iron_sword":207,"minecraft:torch":20,"mineminenomi:den_den_mushi":1,"minecraft:dirt":31,"minecraft:jungle_planks":7,"minecraft:spruce_stairs":2,"minecraft:golden_shovel":2,"mineminenomi:sake_bottle":1,"minecraft:stripped_dark_oak_wood":1,"minecraft:dark_oak_slab":1,"mineminenomi:mace":359,"minecraft:barrel":9,"mineminenomi:pipe":50,"minecraft:furnace":2,"minecraft:oak_sapling":5,"minecraft:cooked_cod":1,"minecraft:light_gray_bed":2,"minecraft:stripped_spruce_wood":3,"minecraft:diorite":1,"minecraft:oak_planks":2,"mineminenomi:flintlock":22,"minecraft:crafting_table":4,"minecraft:mushroom_stew":5,"minecraft:cod":2,"minecraft:diamond_pickaxe":1,"minecraft:apple":3,"minecraft:suspicious_stew":1,"minecraft:bread":74,"minecraft:jungle_stairs":1,"mineminenomi:wanted_poster_package":1,"vanillahammers:quartz_hammer":74,"minecraft:fire_charge":1,"minecraft:diamond_sword":282,"minecraft:wooden_sword":25,"minecraft:cobblestone":9,"minecraft:pumpkin_pie":1,"minecraft:yellow_bed":1},"minecraft:picked_up":{"mineminenomi:cannon_ball":265,"mineminenomi:bandit_knife":1,"minecraft:crafting_table":2,"minecraft:iron_chestplate":4,"minecraft:wheat":1736,"minecraft:anvil":1,"minecraft:suspicious_stew":5,"minecraft:diamond_sword":3,"mineminenomi:cola":35,"minecraft:enchanted_book":9,"minecraft:golden_shovel":8,"minecraft:shield":5,"minecraft:string":122,"minecraft:flint_and_steel":2,"minecraft:iron_leggings":55,"minecraft:gold_nugget":149,"minecraft:spruce_planks":77,"minecraft:iron_nugget":160,"minecraft:spruce_slab":31,"mineminenomi:pipe":51,"minecraft:chest":4,"minecraft:spruce_trapdoor":17,"minecraft:iron_boots":7,"minecraft:stick":41,"minecraft:torch":32,"minecraft:bowl":101,"minecraft:spruce_stairs":27,"minecraft:fire_charge":1,"minecraft:dried_kelp":351,"minecraft:cookie":30,"minecraft:diorite":11,"minecraft:brown_carpet":2,"mineminenomi:den_den_mushi":2,"minecraft:tnt":20,"minecraft:arrow":65,"minecraft:honey_bottle":14,"minecraft:light_gray_bed":17,"minecraft:rotten_flesh":235,"minecraft:cooked_cod":2,"minecraft:jungle_stairs":2,"minecraft:hay_block":20,"minecraft:stripped_dark_oak_wood":2,"minecraft:saddle":2,"minecraft:obsidian":52,"minecraft:cod":24,"minecraft:cobblestone":336,"minecraft:tripwire_hook":5,"minecraft:water_bucket":2,"minecraft:andesite":26,"minecraft:brown_wool":1,"minecraft:golden_leggings":7,"minecraft:potato":26,"minecraft:filled_map":43,"minecraft:mushroom_stew":9,"minecraft:flint":24,"minecraft:stripped_spruce_wood":28,"minecraft:oak_log":13,"minecraft:yellow_bed":1,"minecraft:golden_boots":13,"minecraft:gunpowder":163,"mineminenomi:belly_pouch":8,"minecraft:blue_bed":2,"minecraft:lapis_lazuli":14,"minecraft:dirt":48,"minecraft:paper":154,"minecraft:lantern":9,"minecraft:bone":35,"minecraft:apple":367,"minecraft:kelp":6,"minecraft:bow":12,"minecraft:wheat_seeds":1461,"minecraft:iron_ingot":248,"minecraft:iron_ore":69,"minecraft:glass_bottle":4,"minecraft:glowstone_dust":2,"minecraft:cyan_concrete":16,"minecraft:iron_sword":15,"minecraft:oak_planks":18,"mineminenomi:flintlock":14,"minecraft:dark_oak_stairs":16,"mineminenomi:bullet":186,"minecraft:dark_oak_slab":15,"minecraft:quartz":74,"minecraft:dandelion":22,"mineminenomi:mace":53,"minecraft:jungle_planks":14,"minecraft:barrel":13,"minecraft:dark_oak_log":1,"minecraft:spider_eye":6,"mineminenomi:cigarette":2,"vanillahammers:quartz_hammer":1,"minecraft:diamond":37,"minecraft:granite":8,"minecraft:iron_helmet":33,"minecraft:crossbow":9,"minecraft:golden_horse_armor":1,"minecraft:emerald":104,"minecraft:bread":546,"minecraft:oak_sapling":11,"minecraft:coal":156,"minecraft:diamond_pickaxe":1},"minecraft:killed":{"minecraft:witch":8,"mineminenomi:fighting_fish":2,"minecraft:spider":9,"minecraft:vindicator":11,"mineminenomi:bandit_with_sword":8,"minecraft:skeleton":9,"mineminenomi:bandit_brute":2,"mineminenomi:marine_sniper":7,"mineminenomi:yagara_bull":2,"mineminenomi:pirate_with_sword":22,"mineminenomi:bandit_sniper":2,"mineminenomi:pirate_with_gun":5,"minecraft:zombie_villager":5,"minecraft:creeper":1,"mineminenomi:marine_with_sword":16,"minecraft:pillager":30,"minecraft:zombie":26,"mineminenomi:pirate_brute":2,"mineminenomi:marine_with_gun":9,"mineminenomi:marine_bomber":10}},"DataVersion":2586}