{"stats":{"minecraft:killed_by":{"minecraft:creeper":2,"minecraft:pillager":4,"mowziesmobs:ferrous_wroughtnaut":8,"minecraft:skeleton":1},"minecraft:dropped":{"minecraft:water_bucket":1,"minecraft:bread":8,"minecraft:oak_slab":2,"minecraft:birch_planks":1,"minecraft:wheat_seeds":8,"minecraft:diamond":3,"minecraft:cobblestone":1526,"minecraft:granite":118,"minecraft:stick":4,"minecraft:milk_bucket":1,"minecraft:diorite":13,"minecraft:torch":1,"minecraft:iron_nugget":7,"minecraft:andesite":135,"minecraft:spider_eye":3,"minecraft:wooden_pickaxe":1,"minecraft:quartz":11},"minecraft:used":{"vanillahammers:emerald_hammer":253,"minecraft:chest":2,"minecraft:shield":9,"minecraft:cooked_salmon":2,"minecraft:netherrack":1,"minecraft:orange_bed":1,"securitycraft:keypad_item":2,"minecraft:granite":2,"minecraft:crimson_planks":3,"minecraft:golden_sword":41,"minecraft:furnace":1,"minecraft:skeleton_skull":1,"securitycraft:wire_cutters":1,"minecraft:acacia_planks":2,"minecraft:orange_terracotta":4,"minecraft:water_bucket":8,"minecraft:oak_planks":2,"minecraft:wooden_pickaxe":6,"minecraft:crafting_table":5,"minecraft:purple_terracotta":2,"minecraft:diamond_pickaxe":142,"minecraft:bread":16,"minecraft:cobblestone":33,"minecraft:bucket":9,"minecraft:andesite":1},"minecraft:custom":{"minecraft:mob_kills":19,"minecraft:interact_with_crafting_table":26,"minecraft:open_barrel":11,"minecraft:time_since_death":22905,"minecraft:climb_one_cm":2594,"minecraft:sprint_one_cm":176936,"minecraft:walk_one_cm":242030,"minecraft:damage_blocked_by_shield":515,"minecraft:drop":52,"minecraft:talked_to_villager":1,"minecraft:deaths":15,"minecraft:sneak_time":410,"minecraft:walk_under_water_one_cm":15218,"minecraft:jump":2077,"minecraft:walk_on_water_one_cm":19485,"minecraft:interact_with_furnace":22,"minecraft:play_one_minute":118861,"minecraft:sleep_in_bed":2,"minecraft:time_since_rest":18688,"minecraft:damage_taken":5348,"minecraft:damage_dealt":3932,"minecraft:swim_one_cm":75906,"minecraft:fly_one_cm":490865,"minecraft:open_chest":54,"minecraft:crouch_one_cm":436,"minecraft:fall_one_cm":67240},"minecraft:killed":{"mowziesmobs:barakoan_barakoana":4,"minecraft:vindicator":4,"minecraft:skeleton":1,"mowziesmobs:ferrous_wroughtnaut":1,"minecraft:chicken":1,"minecraft:creeper":1,"minecraft:pillager":1,"minecraft:zombie":5,"mowziesmobs:barakoana":1},"minecraft:broken":{"minecraft:shield":1,"minecraft:golden_sword":1},"minecraft:picked_up":{"minecraft:iron_chestplate":8,"minecraft:crafting_table":3,"securitycraft:keypad_item":1,"minecraft:wooden_pickaxe":8,"minecraft:enchanted_book":3,"minecraft:crimson_planks":1,"minecraft:golden_sword":1,"minecraft:shield":3,"minecraft:flint_and_steel":9,"minecraft:iron_leggings":6,"minecraft:gold_nugget":24,"minecraft:iron_nugget":16,"minecraft:iron_pickaxe":2,"minecraft:iron_boots":8,"minecraft:golden_helmet":1,"minecraft:stripped_crimson_hyphae":1,"minecraft:sandstone":26,"minecraft:acacia_log":10,"minecraft:torch":2,"minecraft:fire_charge":3,"minecraft:diorite":13,"minecraft:redstone":377,"minecraft:purple_terracotta":2,"minecraft:orange_bed":1,"minecraft:arrow":16,"minecraft:rotten_flesh":16,"minecraft:cooked_cod":6,"minecraft:golden_hoe":2,"minecraft:saddle":2,"minecraft:gold_ingot":4,"minecraft:obsidian":2,"minecraft:skeleton_skull":2,"minecraft:white_wool":3,"minecraft:cobblestone":1820,"minecraft:birch_log":2,"minecraft:water_bucket":14,"minecraft:andesite":136,"minecraft:cut_sandstone":5,"minecraft:oak_log":2,"minecraft:gunpowder":15,"minecraft:paper":12,"minecraft:orange_terracotta":4,"minecraft:bone":41,"minecraft:acacia_planks":18,"vanillahammers:emerald_hammer":6,"minecraft:wheat_seeds":39,"minecraft:iron_ingot":49,"minecraft:iron_ore":44,"minecraft:honeycomb":24,"minecraft:oak_slab":14,"minecraft:milk_bucket":12,"minecraft:quartz":22,"minecraft:jungle_planks":1,"minecraft:sand":18,"securitycraft:reinforced_stone":8,"minecraft:gold_ore":26,"minecraft:spider_eye":3,"minecraft:diamond":9,"minecraft:iron_helmet":5,"minecraft:granite":186,"minecraft:golden_horse_armor":3,"minecraft:bread":103,"minecraft:emerald":11,"minecraft:netherrack":1,"minecraft:coal":27,"minecraft:diamond_pickaxe":8},"minecraft:crafted":{"minecraft:oak_planks":4,"minecraft:furnace":1,"securitycraft:wire_cutters":1,"minecraft:stone":8,"securitycraft:keypad_item":1,"minecraft:heavy_weighted_pressure_plate":1,"minecraft:glass_pane":16,"securitycraft:laser_block":1,"minecraft:glass":11,"minecraft:chest":2,"minecraft:redstone_block":1,"minecraft:crimson_planks":4,"minecraft:crafting_table":3,"securitycraft:reinforced_stone_button":8,"minecraft:wooden_pickaxe":1,"minecraft:iron_helmet":1,"minecraft:birch_planks":8,"minecraft:air":0,"minecraft:diamond_pickaxe":1,"minecraft:emerald_block":2,"minecraft:shield":2,"minecraft:stick":16,"minecraft:iron_ingot":40,"minecraft:iron_leggings":1,"vanillahammers:emerald_hammer":1,"minecraft:acacia_planks":40,"minecraft:shears":1,"securitycraft:universal_block_reinforcer_lvl1":1},"minecraft:mined":{"minecraft:diamond_ore":6,"minecraft:purple_terracotta":2,"minecraft:granite":193,"minecraft:stripped_crimson_hyphae":1,"minecraft:acacia_log":10,"minecraft:grass_block":2,"minecraft:jungle_planks":1,"minecraft:spawner":2,"minecraft:redstone_ore":14,"minecraft:iron_ore":39,"minecraft:andesite":137,"minecraft:stone":1626,"minecraft:orange_bed":1,"minecraft:oak_slab":2,"minecraft:acacia_leaves":3,"minecraft:glass_pane":1,"minecraft:crafting_table":3,"minecraft:cobblestone":4,"minecraft:diorite":18,"minecraft:wall_torch":1,"minecraft:birch_log":2,"minecraft:grass":11,"minecraft:oak_log":2,"minecraft:coal_ore":27,"minecraft:dirt":4,"minecraft:sand":18,"minecraft:crimson_planks":1,"minecraft:netherrack":1,"minecraft:gold_ore":14}},"DataVersion":2586}