{"stats":{"minecraft:picked_up":{"minecraft:dirt":18},"minecraft:mined":{"minecraft:grass_block":2},"minecraft:custom":{"minecraft:jump":49,"minecraft:time_since_rest":304,"minecraft:leave_game":1,"minecraft:deaths":1,"minecraft:damage_dealt":10,"minecraft:play_one_minute":1816,"minecraft:walk_on_water_one_cm":255,"minecraft:sprint_one_cm":1216,"minecraft:damage_taken":245,"minecraft:time_since_death":0,"minecraft:walk_one_cm":2602,"minecraft:fall_one_cm":1941,"minecraft:fly_one_cm":7706},"minecraft:used":{"minecraft:dirt":18},"minecraft:killed_by":{"minecraft:zombie":1}},"DataVersion":2586}