{"stats":{"minecraft:killed_by":{"minecraft:skeleton":1,"minecraft:creeper":1},"minecraft:dropped":{"minecraft:birch_planks":1,"minecraft:stick":2},"minecraft:used":{"minecraft:water_bucket":8,"minecraft:bread":6,"minecraft:wooden_pickaxe":1,"minecraft:netherrack":1,"minecraft:crafting_table":1,"minecraft:bucket":9},"minecraft:custom":{"minecraft:time_since_rest":550,"minecraft:sprint_one_cm":76308,"minecraft:damage_taken":760,"minecraft:walk_one_cm":39301,"minecraft:drop":2,"minecraft:damage_dealt":20,"minecraft:swim_one_cm":1805,"minecraft:interact_with_crafting_table":1,"minecraft:fly_one_cm":265891,"minecraft:open_barrel":3,"minecraft:open_chest":16,"minecraft:crouch_one_cm":25,"minecraft:play_one_minute":22861,"minecraft:deaths":2,"minecraft:sneak_time":5,"minecraft:walk_under_water_one_cm":4135,"minecraft:jump":984,"minecraft:walk_on_water_one_cm":2581,"minecraft:time_since_death":520,"minecraft:sleep_in_bed":1,"minecraft:fall_one_cm":37216},"minecraft:picked_up":{"minecraft:birch_log":2,"minecraft:sandstone":26,"minecraft:water_bucket":1,"minecraft:cut_sandstone":5,"minecraft:torch":2,"minecraft:fire_charge":1,"minecraft:sand":2,"minecraft:oak_log":2,"minecraft:paper":6,"minecraft:flint_and_steel":1,"minecraft:orange_terracotta":4,"minecraft:arrow":2,"minecraft:bone":1,"minecraft:rotten_flesh":4,"minecraft:wheat_seeds":6,"minecraft:gold_nugget":3,"minecraft:golden_horse_armor":1,"minecraft:bread":20,"minecraft:netherrack":1,"minecraft:obsidian":1},"minecraft:mined":{"minecraft:glass_pane":1,"minecraft:birch_log":2,"minecraft:oak_log":2,"minecraft:sand":2,"minecraft:netherrack":1,"minecraft:wall_torch":1},"minecraft:crafted":{"minecraft:oak_planks":4,"minecraft:crafting_table":1,"minecraft:stick":4,"minecraft:wooden_pickaxe":1,"minecraft:birch_planks":8}},"DataVersion":2586}