{"stats":{"minecraft:killed_by":{"minecraft:skeleton":1,"minecraft:creeper":1,"minecraft:pillager":4},"minecraft:dropped":{"minecraft:birch_planks":1,"minecraft:wheat_seeds":3,"minecraft:torch":1,"minecraft:stick":2},"minecraft:used":{"minecraft:water_bucket":8,"minecraft:bread":7,"minecraft:oak_planks":2,"minecraft:wooden_pickaxe":4,"minecraft:cooked_salmon":1,"minecraft:crimson_planks":1,"minecraft:netherrack":1,"minecraft:golden_sword":12,"minecraft:crafting_table":2,"minecraft:bucket":9,"minecraft:purple_terracotta":2,"minecraft:orange_terracotta":4},"minecraft:custom":{"minecraft:time_since_rest":5457,"minecraft:sprint_one_cm":99186,"minecraft:damage_taken":1890,"minecraft:walk_one_cm":52667,"minecraft:mob_kills":1,"minecraft:drop":4,"minecraft:damage_dealt":540,"minecraft:talked_to_villager":1,"minecraft:swim_one_cm":13830,"minecraft:interact_with_crafting_table":2,"minecraft:fly_one_cm":318602,"minecraft:open_barrel":4,"minecraft:open_chest":18,"minecraft:crouch_one_cm":25,"minecraft:play_one_minute":34861,"minecraft:deaths":6,"minecraft:sneak_time":29,"minecraft:walk_under_water_one_cm":6082,"minecraft:jump":1212,"minecraft:walk_on_water_one_cm":7032,"minecraft:time_since_death":5424,"minecraft:sleep_in_bed":1,"minecraft:climb_one_cm":516,"minecraft:fall_one_cm":42654},"minecraft:killed":{"minecraft:pillager":1},"minecraft:picked_up":{"minecraft:birch_log":2,"minecraft:sandstone":26,"minecraft:water_bucket":1,"minecraft:cut_sandstone":5,"minecraft:torch":2,"minecraft:acacia_log":2,"minecraft:fire_charge":1,"minecraft:jungle_planks":1,"minecraft:sand":2,"minecraft:oak_log":2,"minecraft:crimson_planks":1,"minecraft:paper":6,"minecraft:purple_terracotta":2,"minecraft:flint_and_steel":1,"minecraft:orange_terracotta":4,"minecraft:arrow":2,"minecraft:bone":3,"minecraft:rotten_flesh":4,"minecraft:wheat_seeds":9,"minecraft:gold_nugget":3,"minecraft:golden_horse_armor":1,"minecraft:bread":20,"minecraft:netherrack":1,"minecraft:obsidian":1},"minecraft:mined":{"minecraft:glass_pane":1,"minecraft:birch_log":2,"minecraft:crafting_table":1,"minecraft:acacia_log":2,"minecraft:purple_terracotta":2,"minecraft:jungle_planks":1,"minecraft:oak_log":2,"minecraft:sand":2,"minecraft:crimson_planks":1,"minecraft:netherrack":1,"minecraft:wall_torch":1,"minecraft:spawner":1},"minecraft:crafted":{"minecraft:oak_planks":4,"minecraft:diamond_pickaxe":1,"minecraft:crafting_table":2,"minecraft:stick":8,"minecraft:wooden_pickaxe":1,"minecraft:acacia_planks":8,"minecraft:birch_planks":8}},"DataVersion":2586}