{"stats":{"minecraft:broken":{"minecraft:iron_boots":1,"vanillahammers:emerald_hammer":1,"minecraft:golden_sword":1,"minecraft:shield":2},"minecraft:dropped":{"minecraft:soul_sand":20,"minecraft:birch_planks":1,"minecraft:diamond":21,"vanillahammers:emerald_hammer":1,"minecraft:rail":28,"minecraft:red_mushroom":11,"minecraft:cracked_polished_blackstone_bricks":38,"minecraft:dirt":12,"mowziesmobs:barakoa_mask_misery":1,"minecraft:polished_blackstone_brick_stairs":2,"minecraft:gold_nugget":24,"minecraft:sand":5,"minecraft:polished_blackstone_bricks":6,"minecraft:iron_pickaxe":1,"minecraft:white_wool":3,"minecraft:gold_ingot":11,"minecraft:bone":22,"minecraft:gravel":37,"minecraft:compass":1,"minecraft:blackstone":254,"minecraft:iron_nugget":7,"minecraft:golden_chestplate":2,"minecraft:nether_brick":3,"minecraft:rotten_flesh":23,"minecraft:white_bed":3,"minecraft:chainmail_chestplate":1,"minecraft:gunpowder":4,"minecraft:basalt":13,"minecraft:arrow":18,"minecraft:glass":4,"minecraft:crying_obsidian":2,"minecraft:stone_brick_stairs":2,"minecraft:quartz":38,"minecraft:netherrack":4039,"minecraft:water_bucket":1,"minecraft:iron_ingot":16,"minecraft:bread":8,"minecraft:oak_slab":2,"minecraft:wheat_seeds":9,"minecraft:oak_fence":3,"minecraft:iron_helmet":2,"minecraft:cobblestone":2519,"minecraft:granite":287,"minecraft:spruce_stairs":3,"minecraft:stick":11,"minecraft:polished_andesite":1,"minecraft:milk_bucket":1,"minecraft:diorite":73,"minecraft:torch":2,"minecraft:diamond_helmet":1,"minecraft:potion":1,"minecraft:iron_leggings":4,"minecraft:paper":6,"minecraft:string":6,"minecraft:redstone":10,"minecraft:bricks":1,"minecraft:bowl":2,"minecraft:iron_boots":3,"minecraft:white_terracotta":1,"minecraft:glass_pane":12,"minecraft:shield":2,"minecraft:diamond_chestplate":1,"minecraft:orange_terracotta":1,"minecraft:andesite":139,"minecraft:stone_pressure_plate":1,"minecraft:spider_eye":4,"minecraft:bow":1,"minecraft:wooden_pickaxe":2,"minecraft:magma_block":6},"minecraft:mined":{"minecraft:stone_pressure_plate":1,"minecraft:white_bed":3,"minecraft:brewing_stand":1,"minecraft:granite":313,"minecraft:stripped_crimson_hyphae":1,"minecraft:acacia_log":17,"minecraft:grass_block":9,"minecraft:cracked_polished_blackstone_bricks":42,"minecraft:nether_wart":10,"minecraft:spawner":16,"minecraft:polished_blackstone_bricks":121,"minecraft:magma_block":15,"minecraft:iron_ore":57,"minecraft:fire":3,"minecraft:orange_bed":1,"minecraft:blackstone":473,"minecraft:crimson_nylium":6,"minecraft:soul_fire":1,"minecraft:orange_terracotta":1,"minecraft:torch":1,"minecraft:white_stained_glass_pane":12,"minecraft:mushroom_stem":29,"minecraft:nether_quartz_ore":58,"minecraft:cobblestone":10,"minecraft:oak_planks":2,"minecraft:wall_torch":1,"minecraft:seagrass":1,"minecraft:white_terracotta":5,"minecraft:birch_log":5,"minecraft:stone_brick_stairs":4,"minecraft:grass":50,"minecraft:oak_log":5,"minecraft:sand":34,"minecraft:dirt":9,"minecraft:crimson_planks":1,"minecraft:netherrack":12913,"minecraft:ancient_debris":19,"minecraft:oak_leaves":21,"minecraft:nether_gold_ore":26,"minecraft:diamond_ore":25,"minecraft:nether_bricks":9,"minecraft:purple_terracotta":2,"minecraft:jungle_planks":1,"minecraft:crimson_roots":2,"minecraft:spruce_leaves":2,"minecraft:sandstone":17,"minecraft:hay_block":111,"minecraft:redstone_ore":22,"minecraft:acacia_wood":2,"minecraft:andesite":145,"minecraft:gold_block":4,"minecraft:bookshelf":6,"minecraft:rail":2,"minecraft:stone":3071,"minecraft:oak_slab":2,"minecraft:acacia_leaves":5,"minecraft:glass_pane":2,"minecraft:basalt":30,"minecraft:crafting_table":5,"minecraft:warped_roots":1,"minecraft:tall_grass":3,"minecraft:lapis_ore":4,"minecraft:polished_blackstone_brick_stairs":2,"minecraft:diorite":79,"minecraft:coal_ore":42,"minecraft:gravel":18,"minecraft:terracotta":3,"minecraft:stone_bricks":1,"minecraft:gold_ore":14},"minecraft:killed_by":{"minecraft:creeper":3,"minecraft:pillager":4,"minecraft:witch":1,"minecraft:zombie":1,"mowziesmobs:ferrous_wroughtnaut":8,"minecraft:skeleton":5,"minecraft:phantom":1},"minecraft:picked_up":{"minecraft:iron_chestplate":10,"securitycraft:keypad_item":1,"minecraft:diamond_sword":19,"minecraft:potion":1,"minecraft:enchanted_book":10,"minecraft:nether_brick":3,"minecraft:stone_brick_stairs":6,"minecraft:crimson_planks":1,"minecraft:brewing_stand":1,"minecraft:golden_sword":1,"minecraft:polished_blackstone_brick_stairs":2,"minecraft:string":18,"minecraft:cooked_salmon":4,"minecraft:iron_leggings":10,"minecraft:experience_bottle":45,"minecraft:diamond_leggings":3,"minecraft:gold_nugget":115,"minecraft:spruce_planks":1,"minecraft:iron_pickaxe":2,"minecraft:iron_boots":25,"minecraft:golden_helmet":1,"minecraft:stick":19,"minecraft:oak_fence":6,"minecraft:torch":17,"minecraft:acacia_log":17,"minecraft:spruce_stairs":3,"minecraft:diorite":133,"minecraft:golden_chestplate":1,"minecraft:orange_bed":1,"minecraft:rotten_flesh":92,"minecraft:white_terracotta":5,"minecraft:netherite_chestplate":9,"mowziesmobs:barakoa_mask_misery":2,"minecraft:obsidian":4,"minecraft:cobblestone":3161,"minecraft:birch_log":5,"minecraft:magma_block":6,"minecraft:water_bucket":25,"minecraft:andesite":140,"minecraft:netherite_leggings":9,"minecraft:lapis_lazuli":48,"minecraft:dirt":39,"minecraft:name_tag":2,"minecraft:bone":97,"minecraft:acacia_planks":18,"minecraft:bow":2,"minecraft:wheat_seeds":46,"minecraft:diamond_helmet":11,"minecraft:glowstone_dust":2,"minecraft:oak_planks":4,"minecraft:honeycomb":94,"minecraft:jungle_planks":1,"minecraft:sand":35,"securitycraft:reinforced_stone":16,"minecraft:polished_andesite":1,"minecraft:diamond":68,"minecraft:netherite_helmet":1,"minecraft:cracked_polished_blackstone_bricks":38,"minecraft:crossbow":2,"minecraft:granite":337,"minecraft:golden_apple":25,"minecraft:emerald":290,"minecraft:golden_horse_armor":3,"minecraft:bread":1605,"minecraft:netherrack":4369,"minecraft:bricks":1,"minecraft:diamond_pickaxe":18,"minecraft:crafting_table":16,"minecraft:nether_wart":10,"minecraft:wooden_pickaxe":8,"minecraft:gold_block":5,"minecraft:diamond_horse_armor":7,"minecraft:shield":15,"minecraft:flint_and_steel":9,"minecraft:blackstone":321,"minecraft:beef":16,"minecraft:iron_nugget":16,"minecraft:stripped_crimson_hyphae":1,"minecraft:sandstone":58,"minecraft:fire_charge":3,"minecraft:polished_blackstone_bricks":103,"minecraft:redstone":397,"minecraft:stone_pressure_plate":1,"minecraft:purple_terracotta":2,"minecraft:cooked_cod":11,"minecraft:arrow":87,"minecraft:diamond_chestplate":3,"minecraft:golden_hoe":2,"minecraft:nether_bricks":9,"minecraft:hay_block":110,"mowziesmobs:barakoa_mask_fear":9,"minecraft:totem_of_undying":1,"minecraft:saddle":3,"minecraft:gold_ingot":142,"minecraft:rail":32,"minecraft:skeleton_skull":2,"minecraft:white_wool":3,"minecraft:netherite_boots":1,"minecraft:basalt":16,"minecraft:golden_carrot":7,"minecraft:cut_sandstone":5,"minecraft:acacia_wood":2,"minecraft:filled_map":9,"minecraft:oak_log":5,"minecraft:ancient_debris":19,"minecraft:gunpowder":20,"minecraft:paper":12,"minecraft:orange_terracotta":5,"mowziesmobs:barakoa_mask_rage":1,"minecraft:apple":72,"minecraft:stone_bricks":2,"vanillahammers:emerald_hammer":12,"minecraft:iron_ingot":520,"minecraft:iron_ore":78,"minecraft:soul_sand":20,"minecraft:book":12,"minecraft:oak_slab":14,"minecraft:milk_bucket":55,"minecraft:birch_boat":3,"minecraft:quartz":49,"minecraft:gravel":45,"mowziesmobs:barakoa_mask_bliss":1,"minecraft:white_bed":3,"minecraft:gold_ore":26,"minecraft:crying_obsidian":2,"minecraft:spider_eye":5,"minecraft:slime_ball":43,"minecraft:iron_helmet":9,"minecraft:warped_roots":6,"minecraft:terracotta":6,"minecraft:coal":53,"minecraft:ender_pearl":22},"minecraft:crafted":{"minecraft:oak_planks":16,"minecraft:birch_boat":1,"securitycraft:wire_cutters":1,"minecraft:stone":16,"securitycraft:keypad_item":2,"minecraft:heavy_weighted_pressure_plate":2,"securitycraft:laser_block":1,"minecraft:glass":11,"minecraft:diamond_helmet":2,"minecraft:diamond_leggings":1,"minecraft:chest":4,"minecraft:crafting_table":5,"securitycraft:reinforced_stone_button":16,"minecraft:wooden_pickaxe":1,"minecraft:iron_helmet":1,"minecraft:smithing_table":1,"minecraft:birch_planks":20,"minecraft:emerald_block":4,"minecraft:diamond_pickaxe":1,"minecraft:shield":5,"minecraft:stick":24,"minecraft:iron_ingot":40,"minecraft:gold_ingot":35,"vanillahammers:emerald_hammer":2,"minecraft:netherite_ingot":5,"minecraft:shears":1,"securitycraft:universal_block_reinforcer_lvl1":1,"minecraft:furnace":1,"minecraft:glass_pane":16,"minecraft:netherite_chestplate":1,"minecraft:diamond_boots":1,"minecraft:redstone_block":1,"minecraft:netherite_scrap":19,"minecraft:wheat":990,"minecraft:crimson_planks":4,"minecraft:diamond_sword":1,"minecraft:bread":330,"minecraft:air":0,"minecraft:golden_apple":4,"minecraft:iron_leggings":1,"minecraft:acacia_planks":76,"minecraft:diamond_chestplate":1},"minecraft:custom":{"minecraft:interact_with_crafting_table":59,"minecraft:open_barrel":50,"minecraft:leave_game":14,"minecraft:time_since_death":9984,"minecraft:sprint_one_cm":674354,"minecraft:damage_blocked_by_shield":6075,"minecraft:drop":259,"minecraft:talked_to_villager":7,"minecraft:deaths":28,"minecraft:jump":7304,"minecraft:walk_on_water_one_cm":68813,"minecraft:interact_with_furnace":49,"minecraft:play_one_minute":416995,"minecraft:sleep_in_bed":2,"minecraft:damage_dealt":29462,"minecraft:crouch_one_cm":8321,"minecraft:interact_with_smithing_table":19,"minecraft:mob_kills":138,"minecraft:climb_one_cm":25761,"minecraft:walk_one_cm":1030764,"minecraft:raid_win":1,"minecraft:sneak_time":4257,"minecraft:walk_under_water_one_cm":38622,"minecraft:boat_one_cm":116898,"minecraft:time_since_rest":10371,"minecraft:damage_taken":15684,"minecraft:damage_absorbed":243,"minecraft:swim_one_cm":143627,"minecraft:fly_one_cm":1470115,"minecraft:open_chest":198,"minecraft:fall_one_cm":221973},"minecraft:killed":{"mowziesmobs:barakoan_barakoana":11,"minecraft:zombified_piglin":16,"minecraft:witch":3,"minecraft:spider":3,"minecraft:skeleton":34,"minecraft:chicken":1,"minecraft:piglin_brute":1,"minecraft:piglin":11,"minecraft:zombie_villager":1,"minecraft:creeper":5,"minecraft:pillager":1,"minecraft:zombie":24,"minecraft:cow":1,"minecraft:evoker":1,"minecraft:vindicator":4,"mowziesmobs:ferrous_wroughtnaut":1,"minecraft:drowned":10,"minecraft:hoglin":1,"mowziesmobs:barakoana":2,"minecraft:wither_skeleton":1,"minecraft:enderman":1},"minecraft:used":{"minecraft:chest":4,"minecraft:white_terracotta":4,"minecraft:shield":136,"minecraft:rotten_flesh":7,"securitycraft:keypad_item":3,"minecraft:golden_sword":41,"minecraft:furnace":1,"minecraft:cooked_cod":3,"minecraft:skeleton_skull":1,"securitycraft:wire_cutters":1,"minecraft:oak_planks":8,"minecraft:blackstone":65,"minecraft:wooden_pickaxe":6,"minecraft:sandstone":3,"minecraft:golden_apple":6,"minecraft:sand":17,"minecraft:mushroom_stew":2,"minecraft:purple_terracotta":2,"minecraft:bread":138,"minecraft:gravel":8,"minecraft:diamond_sword":211,"minecraft:smithing_table":1,"minecraft:andesite":1,"minecraft:experience_bottle":27,"vanillahammers:emerald_hammer":2354,"minecraft:cooked_salmon":2,"minecraft:netherrack":170,"minecraft:orange_bed":1,"minecraft:brewing_stand":1,"minecraft:dirt":9,"minecraft:granite":14,"minecraft:crimson_planks":3,"minecraft:basalt":3,"minecraft:acacia_planks":2,"minecraft:orange_terracotta":4,"minecraft:water_bucket":24,"minecraft:birch_planks":3,"minecraft:birch_boat":2,"minecraft:polished_blackstone_bricks":11,"minecraft:terracotta":3,"minecraft:crafting_table":9,"minecraft:diamond_pickaxe":256,"minecraft:cobblestone":67,"minecraft:cooked_porkchop":1,"minecraft:bucket":26}},"DataVersion":2586}