{"stats":{"minecraft:killed_by":{"minecraft:player":1,"minecraft:skeleton":1,"minecraft:creeper":1},"minecraft:used":{"vanillahammers:stone_hammer":265,"minecraft:diorite":9,"minecraft:flint_and_steel":4,"minecraft:rotten_flesh":4,"minecraft:torch":7,"minecraft:mutton":12,"minecraft:tnt":3,"minecraft:crafting_table":1,"minecraft:coal_block":3,"minecraft:cobblestone":34,"minecraft:porkchop":12,"vanillahammers:wood_hammer":9,"minecraft:egg":1},"minecraft:custom":{"minecraft:mob_kills":34,"minecraft:interact_with_crafting_table":3,"minecraft:open_barrel":8,"minecraft:play_one_minute":40991,"minecraft:time_since_death":3467,"minecraft:damage_resisted":54,"minecraft:time_since_rest":3498,"minecraft:sprint_one_cm":91276,"minecraft:damage_taken":1356,"minecraft:walk_one_cm":146059,"minecraft:damage_dealt":7569,"minecraft:swim_one_cm":138208,"minecraft:fly_one_cm":79302,"minecraft:open_chest":1,"minecraft:crouch_one_cm":1710,"minecraft:deaths":3,"minecraft:sneak_time":840,"minecraft:walk_under_water_one_cm":17062,"minecraft:jump":471,"minecraft:walk_on_water_one_cm":13544,"minecraft:fall_one_cm":8540},"minecraft:killed":{"minecraft:pig":7,"minecraft:spider":1,"minecraft:sheep":8,"minecraft:skeleton":6,"minecraft:zombie":4,"mowziesmobs:barakoana":1,"minecraft:silverfish":2},"minecraft:picked_up":{"minecraft:feather":17,"minecraft:flint":9,"vanillahammers:wood_hammer":2,"minecraft:gunpowder":53,"minecraft:dirt":6,"minecraft:string":2,"minecraft:flint_and_steel":1,"minecraft:bone":6,"minecraft:acacia_planks":12,"minecraft:spruce_planks":48,"minecraft:spruce_wood":24,"minecraft:poppy":2,"minecraft:coal_block":5,"minecraft:iron_boots":3,"minecraft:egg":1,"minecraft:stick":2,"minecraft:torch":1,"minecraft:acacia_log":7,"minecraft:spruce_stairs":5,"minecraft:gravel":3,"minecraft:porkchop":23,"minecraft:stone_button":3,"minecraft:diorite":14,"minecraft:barrel":6,"minecraft:tnt":2,"minecraft:arrow":12,"minecraft:rotten_flesh":4,"minecraft:diamond":1,"minecraft:granite":40,"vanillahammers:stone_hammer":2,"minecraft:black_wool":2,"mowziesmobs:barakoa_mask_misery":1,"minecraft:mutton":14,"minecraft:coal":68,"minecraft:white_wool":21,"minecraft:cobblestone":498},"minecraft:crafted":{"minecraft:crafting_table":1,"vanillahammers:wood_hammer":1,"vanillahammers:stone_hammer":1,"minecraft:stick":12,"minecraft:acacia_planks":20,"minecraft:torch":24},"minecraft:mined":{"minecraft:acacia_leaves":1,"minecraft:spruce_planks":2,"minecraft:torch":1,"minecraft:granite":22,"minecraft:acacia_log":7,"minecraft:grass_block":1,"minecraft:poppy":1,"minecraft:tall_grass":2,"minecraft:cobblestone":1,"minecraft:diorite":9,"minecraft:spruce_stairs":3,"minecraft:dark_oak_slab":2,"minecraft:fire":1,"minecraft:black_concrete":2,"minecraft:tnt":2,"minecraft:grass":7,"minecraft:coal_ore":33,"minecraft:gravel":1,"minecraft:stone":202}},"DataVersion":2586}