{"stats":{"minecraft:killed_by":{"minecraft:player":1,"minecraft:skeleton":2,"minecraft:creeper":1},"minecraft:used":{"vanillahammers:stone_hammer":265,"minecraft:diorite":9,"minecraft:flint_and_steel":4,"minecraft:iron_sword":6,"minecraft:rotten_flesh":4,"minecraft:torch":8,"minecraft:mutton":13,"minecraft:tnt":3,"minecraft:crafting_table":1,"minecraft:coal_block":3,"minecraft:cobblestone":80,"minecraft:porkchop":16,"vanillahammers:wood_hammer":19,"minecraft:egg":1},"minecraft:custom":{"minecraft:mob_kills":38,"minecraft:interact_with_crafting_table":3,"minecraft:open_barrel":9,"minecraft:play_one_minute":52991,"minecraft:time_since_death":3277,"minecraft:damage_resisted":54,"minecraft:time_since_rest":3310,"minecraft:sprint_one_cm":107793,"minecraft:damage_taken":1778,"minecraft:walk_one_cm":164579,"minecraft:damage_dealt":8184,"minecraft:swim_one_cm":195817,"minecraft:fly_one_cm":98410,"minecraft:open_chest":4,"minecraft:crouch_one_cm":1976,"minecraft:deaths":4,"minecraft:sneak_time":1156,"minecraft:walk_under_water_one_cm":36877,"minecraft:jump":610,"minecraft:walk_on_water_one_cm":28446,"minecraft:fall_one_cm":12040},"minecraft:killed":{"minecraft:pig":7,"minecraft:spider":1,"minecraft:sheep":8,"minecraft:skeleton":6,"minecraft:zombie":5,"mowziesmobs:barakoana":1,"minecraft:silverfish":3,"minecraft:drowned":1},"minecraft:picked_up":{"minecraft:iron_chestplate":2,"minecraft:feather":45,"minecraft:flint":17,"vanillahammers:wood_hammer":4,"minecraft:gunpowder":71,"minecraft:red_bed":2,"minecraft:dirt":8,"minecraft:string":4,"minecraft:flint_and_steel":2,"minecraft:bone":12,"minecraft:acacia_planks":12,"minecraft:spruce_planks":104,"minecraft:spruce_wood":62,"minecraft:poppy":4,"minecraft:coal_block":9,"minecraft:iron_sword":1,"minecraft:dark_oak_stairs":4,"minecraft:iron_boots":5,"minecraft:egg":1,"minecraft:stick":2,"minecraft:dark_oak_slab":2,"minecraft:torch":30,"minecraft:quartz":32,"minecraft:acacia_log":7,"minecraft:spruce_stairs":11,"minecraft:spruce_fence":2,"minecraft:gravel":5,"minecraft:porkchop":27,"minecraft:stone_button":5,"minecraft:diorite":14,"minecraft:barrel":12,"minecraft:dark_oak_planks":12,"minecraft:tnt":5,"minecraft:arrow":12,"minecraft:rotten_flesh":5,"minecraft:diamond":4,"minecraft:granite":80,"minecraft:gold_ingot":37,"vanillahammers:stone_hammer":2,"minecraft:black_wool":4,"mowziesmobs:barakoa_mask_misery":1,"minecraft:mutton":15,"minecraft:coal":130,"minecraft:white_wool":28,"minecraft:cobblestone":519},"minecraft:crafted":{"minecraft:crafting_table":1,"vanillahammers:wood_hammer":1,"vanillahammers:stone_hammer":1,"minecraft:stick":12,"minecraft:acacia_planks":20,"minecraft:torch":24},"minecraft:mined":{"minecraft:dark_oak_planks":6,"minecraft:acacia_leaves":1,"minecraft:spruce_planks":2,"minecraft:red_bed":1,"minecraft:torch":1,"minecraft:granite":22,"minecraft:acacia_log":7,"minecraft:spruce_fence":1,"minecraft:grass_block":1,"minecraft:poppy":1,"minecraft:tall_grass":2,"minecraft:cobblestone":5,"minecraft:diorite":9,"minecraft:spruce_stairs":3,"minecraft:dark_oak_slab":2,"minecraft:fire":9,"minecraft:black_concrete":2,"minecraft:tnt":2,"minecraft:dark_oak_stairs":2,"minecraft:grass":7,"minecraft:coal_ore":33,"minecraft:gravel":1,"minecraft:stone":202}},"DataVersion":2586}