{"stats":{"minecraft:dropped":{"minecraft:bread":47,"minecraft:iron_ingot":25,"minecraft:iron_sword":1,"minecraft:wheat_seeds":199,"minecraft:glass_bottle":2,"minecraft:diamond":21,"minecraft:cobblestone":2028,"minecraft:granite":372,"minecraft:grass_block":1,"minecraft:golden_apple":1,"minecraft:coal":42,"minecraft:flint":4,"minecraft:stick":1,"minecraft:dirt":2,"minecraft:red_bed":1,"minecraft:diorite":130,"minecraft:dark_oak_trapdoor":3,"minecraft:dark_oak_wood":1,"minecraft:iron_axe":1,"minecraft:sand":1,"minecraft:string":1,"minecraft:white_wool":1,"minecraft:bone":2,"minecraft:dandelion":1,"minecraft:cauldron":1,"minecraft:gravel":35,"minecraft:stripped_dark_oak_log":3,"minecraft:oak_planks":31,"minecraft:white_bed":2,"minecraft:spruce_fence":1,"minecraft:filled_map":2,"minecraft:cyan_wool":2,"minecraft:stone":128,"minecraft:spruce_planks":2,"minecraft:andesite":43,"minecraft:oak_sapling":2,"minecraft:spruce_wood":19,"minecraft:arrow":5,"minecraft:bow":1},"minecraft:used":{"vanillahammers:emerald_hammer":229,"minecraft:iron_bars":5,"minecraft:flint_and_steel":4,"vanillahammers:coal_hammer":132,"minecraft:ladder":4,"minecraft:shield":8,"minecraft:iron_sword":287,"minecraft:rotten_flesh":15,"minecraft:torch":171,"minecraft:dirt":3,"minecraft:mutton":18,"minecraft:granite":18,"minecraft:lava_bucket":3,"minecraft:iron_axe":2,"minecraft:barrel":1,"minecraft:stone_bricks":1,"minecraft:bow":3,"carryon:tile_item":3,"minecraft:furnace":1,"minecraft:egg":1,"vanillahammers:stone_hammer":265,"minecraft:water_bucket":17,"minecraft:diorite":9,"minecraft:damaged_anvil":1,"vanillahammers:iron_hammer":525,"minecraft:ender_pearl":1,"minecraft:stonecutter":1,"vanillahammers:diamond_hammer":157,"minecraft:salmon":3,"minecraft:sand":2,"minecraft:tnt":3,"minecraft:crafting_table":4,"minecraft:crossbow":2,"minecraft:white_bed":1,"minecraft:cod":5,"minecraft:bread":65,"minecraft:melon_slice":34,"vanillahammers:fiery_hammer":122,"minecraft:fishing_rod":20,"minecraft:coal_block":3,"minecraft:cobblestone":390,"minecraft:potion":2,"minecraft:cooked_porkchop":2,"vanillahammers:wood_hammer":20,"minecraft:porkchop":24,"minecraft:bucket":20},"minecraft:custom":{"minecraft:mob_kills":135,"minecraft:interact_with_crafting_table":29,"minecraft:open_barrel":38,"minecraft:leave_game":4,"minecraft:time_since_death":8318,"minecraft:damage_resisted":148,"minecraft:climb_one_cm":20050,"minecraft:walk_one_cm":1298087,"minecraft:sprint_one_cm":1196888,"minecraft:damage_blocked_by_shield":360,"minecraft:drop":210,"minecraft:talked_to_villager":8,"minecraft:raid_win":1,"minecraft:sneak_time":7536,"minecraft:deaths":20,"minecraft:walk_under_water_one_cm":54142,"minecraft:jump":4629,"minecraft:walk_on_water_one_cm":127612,"minecraft:interact_with_furnace":21,"minecraft:play_one_minute":324826,"minecraft:sleep_in_bed":1,"minecraft:time_since_rest":8352,"minecraft:damage_taken":9556,"minecraft:damage_dealt":27756,"minecraft:swim_one_cm":206738,"minecraft:fly_one_cm":767663,"minecraft:open_chest":116,"minecraft:crouch_one_cm":17929,"minecraft:fish_caught":10,"minecraft:fall_one_cm":85120,"minecraft:use_cauldron":1},"minecraft:killed_by":{"minecraft:husk":1,"minecraft:zombie_villager":1,"minecraft:player":2,"minecraft:creeper":3,"minecraft:vindicator":6,"minecraft:skeleton":2,"minecraft:witch":1,"minecraft:zombie":2},"minecraft:picked_up":{"minecraft:iron_chestplate":19,"minecraft:wheat":74,"minecraft:purple_wool":1,"minecraft:ladder":2,"minecraft:iron_trapdoor":6,"minecraft:potion":7,"minecraft:stone_brick_stairs":2,"minecraft:shield":7,"minecraft:red_bed":4,"minecraft:string":8,"minecraft:dark_oak_trapdoor":3,"minecraft:flint_and_steel":2,"minecraft:iron_axe":2,"minecraft:smooth_stone_slab":2,"minecraft:iron_leggings":11,"minecraft:pufferfish":6,"minecraft:experience_bottle":21,"minecraft:bucket":1,"minecraft:spruce_planks":118,"minecraft:rose_bush":12,"minecraft:cyan_wool":2,"minecraft:poppy":14,"minecraft:iron_pickaxe":6,"minecraft:coal_block":9,"minecraft:melon_slice":34,"minecraft:sugar_cane":3,"minecraft:iron_boots":18,"minecraft:egg":4,"minecraft:stick":121,"minecraft:stone":563,"minecraft:torch":105,"minecraft:acacia_log":7,"minecraft:spruce_stairs":11,"minecraft:spruce_fence":4,"minecraft:porkchop":39,"minecraft:stone_button":11,"minecraft:diorite":254,"minecraft:redstone":190,"minecraft:cauldron":1,"minecraft:dark_oak_planks":12,"minecraft:tnt":5,"minecraft:arrow":230,"minecraft:rotten_flesh":30,"minecraft:hay_block":72,"minecraft:saddle":1,"minecraft:gold_ingot":45,"vanillahammers:iron_hammer":2,"vanillahammers:coal_hammer":2,"mowziesmobs:barakoa_mask_misery":5,"minecraft:mutton":20,"minecraft:iron_bars":3,"minecraft:cod":5,"minecraft:white_wool":37,"minecraft:cobblestone":4927,"minecraft:magma_block":3,"minecraft:feather":73,"minecraft:salmon":3,"minecraft:water_bucket":3,"minecraft:andesite":282,"minecraft:brown_wool":3,"minecraft:leather":2,"mowziesmobs:barakoa_mask_fury":2,"minecraft:filled_map":8,"minecraft:flint":30,"minecraft:oak_log":1,"minecraft:gunpowder":71,"vanillahammers:wood_hammer":7,"minecraft:lapis_lazuli":563,"minecraft:dirt":68,"minecraft:white_banner":6,"minecraft:smooth_sandstone":2,"minecraft:bone":103,"minecraft:acacia_planks":12,"vanillahammers:emerald_hammer":2,"minecraft:stone_bricks":9,"minecraft:stonecutter":1,"minecraft:bow":2,"minecraft:wheat_seeds":235,"vanillahammers:fiery_hammer":7,"minecraft:spruce_wood":100,"minecraft:iron_ingot":385,"minecraft:iron_ore":157,"minecraft:glass_bottle":4,"minecraft:glowstone_dust":2,"minecraft:iron_sword":13,"minecraft:oak_planks":25,"minecraft:dark_oak_stairs":4,"minecraft:dark_oak_slab":2,"minecraft:cooked_porkchop":2,"minecraft:pumpkin":8,"minecraft:quartz":128,"minecraft:dandelion":3,"minecraft:gravel":43,"minecraft:sand":3,"minecraft:grass_block":4,"minecraft:white_bed":3,"minecraft:gold_ore":35,"minecraft:spider_eye":2,"minecraft:barrel":12,"minecraft:iron_hoe":1,"minecraft:diamond":46,"minecraft:jack_o_lantern":1,"minecraft:iron_helmet":14,"minecraft:granite":865,"minecraft:crossbow":3,"minecraft:golden_apple":1,"minecraft:emerald":39,"vanillahammers:stone_hammer":2,"minecraft:bread":554,"minecraft:dark_oak_wood":1,"minecraft:netherrack":6,"minecraft:oak_sapling":3,"minecraft:damaged_anvil":2,"minecraft:black_wool":4,"minecraft:stripped_dark_oak_log":3,"minecraft:coal":443,"minecraft:ender_pearl":1},"minecraft:mined":{"minecraft:dark_oak_planks":6,"minecraft:diamond_ore":18,"minecraft:spruce_planks":2,"minecraft:jack_o_lantern":1,"minecraft:granite":449,"minecraft:acacia_log":7,"minecraft:spruce_fence":1,"minecraft:grass_block":4,"minecraft:frosted_ice":4,"minecraft:sandstone":4,"minecraft:hay_block":52,"minecraft:redstone_ore":14,"minecraft:magma_block":3,"minecraft:iron_ore":224,"minecraft:fire":9,"minecraft:andesite":288,"minecraft:black_concrete":2,"minecraft:dark_oak_stairs":2,"minecraft:iron_bars":3,"minecraft:rail":1,"minecraft:stone":4752,"minecraft:iron_block":1,"minecraft:cut_sandstone":8,"minecraft:acacia_leaves":1,"minecraft:red_bed":1,"minecraft:orange_terracotta":1,"minecraft:dandelion":1,"minecraft:smooth_sandstone":3,"minecraft:torch":11,"minecraft:poppy":1,"minecraft:melon":6,"minecraft:rose_bush":4,"minecraft:tall_grass":9,"minecraft:cobblestone":30,"minecraft:lapis_ore":40,"minecraft:sugar_cane":2,"minecraft:damaged_anvil":1,"minecraft:diorite":191,"minecraft:wall_torch":21,"minecraft:spruce_stairs":3,"minecraft:cyan_wool":2,"minecraft:blue_terracotta":1,"minecraft:dark_oak_slab":2,"minecraft:wheat":123,"minecraft:tnt":3,"minecraft:stone_brick_stairs":1,"minecraft:smooth_stone_slab":2,"minecraft:grass":35,"minecraft:oak_log":1,"minecraft:coal_ore":125,"minecraft:gravel":48,"minecraft:sand":4,"minecraft:dirt":70,"minecraft:cobweb":11,"minecraft:stone_bricks":3,"minecraft:stonecutter":1,"minecraft:gold_ore":28,"minecraft:netherrack":6,"minecraft:oak_leaves":14,"minecraft:iron_trapdoor":3},"minecraft:killed":{"mowziesmobs:barakoan_barakoana":6,"minecraft:witch":5,"minecraft:vindicator":4,"minecraft:spider":12,"minecraft:skeleton":26,"minecraft:silverfish":3,"minecraft:drowned":1,"minecraft:husk":1,"minecraft:pig":10,"minecraft:sheep":12,"minecraft:pillager":16,"minecraft:zombie":22,"mowziesmobs:barakoana":2,"minecraft:enderman":1,"minecraft:villager":1},"minecraft:broken":{"vanillahammers:iron_hammer":1,"vanillahammers:coal_hammer":1,"minecraft:bow":1},"minecraft:crafted":{"minecraft:oak_planks":4,"vanillahammers:fiery_hammer":1,"minecraft:furnace":1,"minecraft:diamond_block":2,"minecraft:iron_axe":1,"minecraft:ladder":6,"minecraft:wheat":333,"minecraft:crafting_table":4,"minecraft:iron_helmet":1,"vanillahammers:wood_hammer":1,"minecraft:bread":72,"vanillahammers:stone_hammer":1,"vanillahammers:diamond_hammer":1,"minecraft:golden_apple":3,"minecraft:stick":60,"minecraft:iron_ingot":118,"vanillahammers:coal_hammer":1,"minecraft:iron_block":4,"vanillahammers:iron_hammer":2,"minecraft:gold_ingot":9,"minecraft:iron_leggings":1,"vanillahammers:emerald_hammer":1,"minecraft:acacia_planks":20,"minecraft:torch":144}},"DataVersion":2586}