{"stats":{"minecraft:dropped":{"minecraft:stick":1},"minecraft:killed_by":{"minecraft:player":1,"minecraft:skeleton":2,"minecraft:creeper":2},"minecraft:used":{"vanillahammers:stone_hammer":265,"minecraft:diorite":9,"minecraft:flint_and_steel":4,"vanillahammers:coal_hammer":60,"minecraft:iron_sword":17,"minecraft:rotten_flesh":12,"minecraft:torch":22,"minecraft:mutton":15,"minecraft:tnt":3,"minecraft:crafting_table":2,"minecraft:barrel":1,"vanillahammers:fiery_hammer":43,"minecraft:coal_block":3,"minecraft:cobblestone":129,"minecraft:porkchop":16,"vanillahammers:wood_hammer":20,"minecraft:egg":1},"minecraft:custom":{"minecraft:mob_kills":47,"minecraft:interact_with_crafting_table":5,"minecraft:open_barrel":15,"minecraft:play_one_minute":76991,"minecraft:time_since_death":10507,"minecraft:sleep_in_bed":1,"minecraft:damage_resisted":54,"minecraft:time_since_rest":10537,"minecraft:sprint_one_cm":193384,"minecraft:damage_taken":2338,"minecraft:walk_one_cm":271811,"minecraft:drop":1,"minecraft:damage_dealt":9587,"minecraft:swim_one_cm":196559,"minecraft:fly_one_cm":155600,"minecraft:open_chest":5,"minecraft:crouch_one_cm":5829,"minecraft:deaths":5,"minecraft:sneak_time":2508,"minecraft:walk_under_water_one_cm":39335,"minecraft:jump":994,"minecraft:walk_on_water_one_cm":48929,"minecraft:fall_one_cm":19456},"minecraft:killed":{"minecraft:pig":7,"minecraft:spider":1,"minecraft:sheep":10,"minecraft:skeleton":8,"minecraft:zombie":8,"mowziesmobs:barakoana":1,"minecraft:silverfish":3,"minecraft:drowned":1},"minecraft:picked_up":{"minecraft:magma_block":3,"minecraft:iron_chestplate":3,"minecraft:feather":59,"minecraft:andesite":61,"minecraft:flint":21,"vanillahammers:wood_hammer":5,"minecraft:gunpowder":71,"minecraft:lapis_lazuli":22,"minecraft:red_bed":3,"minecraft:dirt":8,"minecraft:string":5,"minecraft:flint_and_steel":2,"minecraft:bone":17,"minecraft:acacia_planks":12,"minecraft:wheat_seeds":2,"vanillahammers:fiery_hammer":1,"minecraft:spruce_planks":104,"minecraft:spruce_wood":62,"minecraft:iron_ingot":51,"minecraft:poppy":5,"minecraft:coal_block":9,"minecraft:iron_sword":2,"minecraft:dark_oak_stairs":4,"minecraft:iron_boots":6,"minecraft:egg":2,"minecraft:stick":3,"minecraft:dark_oak_slab":2,"minecraft:stone":180,"minecraft:dandelion":2,"minecraft:torch":32,"minecraft:quartz":64,"minecraft:acacia_log":7,"minecraft:spruce_stairs":11,"minecraft:spruce_fence":3,"minecraft:gravel":8,"minecraft:porkchop":27,"minecraft:stone_button":9,"minecraft:diorite":43,"minecraft:barrel":12,"minecraft:dark_oak_planks":12,"minecraft:tnt":5,"minecraft:arrow":18,"minecraft:rotten_flesh":12,"minecraft:diamond":4,"minecraft:granite":124,"minecraft:gold_ingot":37,"vanillahammers:stone_hammer":2,"vanillahammers:coal_hammer":1,"minecraft:oak_sapling":1,"minecraft:netherrack":6,"minecraft:black_wool":4,"mowziesmobs:barakoa_mask_misery":1,"minecraft:mutton":17,"minecraft:coal":177,"minecraft:white_wool":30,"minecraft:cobblestone":1106},"minecraft:crafted":{"minecraft:crafting_table":2,"vanillahammers:fiery_hammer":1,"vanillahammers:wood_hammer":1,"vanillahammers:stone_hammer":1,"minecraft:stick":20,"vanillahammers:coal_hammer":1,"minecraft:acacia_planks":20,"minecraft:torch":24},"minecraft:mined":{"minecraft:dark_oak_planks":6,"minecraft:acacia_leaves":1,"minecraft:spruce_planks":2,"minecraft:red_bed":1,"minecraft:dandelion":1,"minecraft:torch":1,"minecraft:granite":34,"minecraft:acacia_log":7,"minecraft:spruce_fence":1,"minecraft:grass_block":1,"minecraft:poppy":1,"minecraft:tall_grass":2,"minecraft:cobblestone":6,"minecraft:lapis_ore":2,"minecraft:diorite":26,"minecraft:wall_torch":2,"minecraft:spruce_stairs":3,"minecraft:magma_block":3,"minecraft:dark_oak_slab":2,"minecraft:iron_ore":30,"minecraft:fire":9,"minecraft:andesite":64,"minecraft:black_concrete":2,"minecraft:tnt":2,"minecraft:dark_oak_stairs":2,"minecraft:grass":8,"minecraft:coal_ore":44,"minecraft:gravel":2,"minecraft:stone":642,"minecraft:netherrack":6,"minecraft:oak_leaves":7}},"DataVersion":2586}