{"stats":{"minecraft:killed_by":{"minecraft:creeper":1},"minecraft:used":{"vanillahammers:stone_hammer":213,"minecraft:diorite":5,"minecraft:rotten_flesh":4,"minecraft:torch":6,"minecraft:mutton":12,"minecraft:cobblestone":9,"minecraft:crafting_table":1,"minecraft:porkchop":9,"vanillahammers:wood_hammer":9,"minecraft:egg":1},"minecraft:custom":{"minecraft:time_since_rest":18366,"minecraft:sprint_one_cm":84611,"minecraft:damage_taken":854,"minecraft:walk_one_cm":132614,"minecraft:mob_kills":27,"minecraft:damage_dealt":6224,"minecraft:swim_one_cm":25801,"minecraft:interact_with_crafting_table":3,"minecraft:fly_one_cm":71728,"minecraft:open_barrel":4,"minecraft:open_chest":1,"minecraft:crouch_one_cm":492,"minecraft:play_one_minute":28991,"minecraft:deaths":1,"minecraft:sneak_time":258,"minecraft:walk_under_water_one_cm":8055,"minecraft:jump":440,"minecraft:walk_on_water_one_cm":7607,"minecraft:time_since_death":18315,"minecraft:damage_resisted":6,"minecraft:fall_one_cm":7495},"minecraft:killed":{"minecraft:sheep":8,"minecraft:skeleton":5,"minecraft:zombie":4,"minecraft:pig":7,"mowziesmobs:barakoana":1,"minecraft:spider":1},"minecraft:picked_up":{"minecraft:stick":2,"minecraft:feather":3,"minecraft:torch":1,"minecraft:acacia_log":7,"minecraft:spruce_stairs":2,"minecraft:gravel":2,"minecraft:porkchop":16,"minecraft:flint":2,"minecraft:diorite":10,"vanillahammers:wood_hammer":1,"minecraft:bone":3,"minecraft:string":1,"minecraft:dirt":2,"minecraft:arrow":5,"minecraft:acacia_planks":12,"minecraft:rotten_flesh":4,"minecraft:spruce_planks":2,"minecraft:granite":20,"vanillahammers:stone_hammer":1,"minecraft:poppy":1,"minecraft:black_wool":1,"mowziesmobs:barakoa_mask_misery":1,"minecraft:mutton":13,"minecraft:coal":33,"minecraft:iron_boots":1,"minecraft:white_wool":7,"minecraft:cobblestone":219,"minecraft:egg":1},"minecraft:crafted":{"vanillahammers:stone_hammer":1,"minecraft:crafting_table":1,"minecraft:stick":8,"vanillahammers:wood_hammer":1,"minecraft:acacia_planks":20,"minecraft:torch":8},"minecraft:mined":{"minecraft:spruce_stairs":2,"minecraft:acacia_leaves":1,"minecraft:spruce_planks":2,"minecraft:torch":1,"minecraft:granite":22,"minecraft:grass":7,"minecraft:acacia_log":7,"minecraft:grass_block":1,"minecraft:coal_ore":33,"minecraft:poppy":1,"minecraft:gravel":1,"minecraft:tall_grass":2,"minecraft:stone":202,"minecraft:diorite":8}},"DataVersion":2586}