{"stats":{"minecraft:killed_by":{"minecraft:husk":1,"minecraft:player":1,"minecraft:skeleton":2,"minecraft:creeper":2,"minecraft:zombie":1},"minecraft:dropped":{"minecraft:gravel":2,"minecraft:cobblestone":275,"minecraft:granite":42,"minecraft:spruce_fence":1,"minecraft:flint":4,"minecraft:stick":1,"minecraft:red_bed":1,"minecraft:dirt":2,"minecraft:stone":128,"minecraft:diorite":64,"minecraft:andesite":39,"minecraft:oak_sapling":2,"minecraft:sand":1,"minecraft:bow":1,"minecraft:string":1,"minecraft:dandelion":1},"minecraft:used":{"vanillahammers:stone_hammer":265,"minecraft:diorite":9,"minecraft:flint_and_steel":4,"vanillahammers:iron_hammer":98,"vanillahammers:coal_hammer":66,"minecraft:iron_sword":64,"minecraft:rotten_flesh":13,"minecraft:torch":36,"minecraft:sand":2,"minecraft:mutton":15,"minecraft:tnt":3,"minecraft:crafting_table":2,"minecraft:melon_slice":27,"minecraft:barrel":1,"vanillahammers:fiery_hammer":58,"minecraft:coal_block":3,"minecraft:cobblestone":245,"minecraft:furnace":1,"minecraft:porkchop":16,"vanillahammers:wood_hammer":20,"minecraft:egg":1},"minecraft:custom":{"minecraft:interact_with_furnace":2,"minecraft:mob_kills":59,"minecraft:interact_with_crafting_table":13,"minecraft:open_barrel":27,"minecraft:play_one_minute":101924,"minecraft:time_since_death":23765,"minecraft:sleep_in_bed":1,"minecraft:damage_resisted":54,"minecraft:time_since_rest":23789,"minecraft:sprint_one_cm":255256,"minecraft:damage_taken":2943,"minecraft:walk_one_cm":373237,"minecraft:drop":23,"minecraft:damage_dealt":12118,"minecraft:talked_to_villager":3,"minecraft:swim_one_cm":201885,"minecraft:fly_one_cm":197993,"minecraft:open_chest":5,"minecraft:crouch_one_cm":9038,"minecraft:deaths":7,"minecraft:sneak_time":3413,"minecraft:walk_under_water_one_cm":41863,"minecraft:jump":1334,"minecraft:walk_on_water_one_cm":65348,"minecraft:fall_one_cm":24886},"minecraft:killed":{"minecraft:pig":7,"minecraft:spider":1,"minecraft:sheep":10,"minecraft:skeleton":11,"minecraft:zombie":16,"mowziesmobs:barakoana":1,"minecraft:silverfish":3,"minecraft:drowned":1,"minecraft:villager":1},"minecraft:picked_up":{"minecraft:magma_block":3,"minecraft:iron_chestplate":4,"minecraft:feather":73,"minecraft:andesite":100,"minecraft:flint":25,"vanillahammers:wood_hammer":6,"minecraft:gunpowder":71,"minecraft:lapis_lazuli":50,"minecraft:red_bed":4,"minecraft:dirt":8,"minecraft:string":6,"minecraft:flint_and_steel":2,"minecraft:bone":20,"minecraft:acacia_planks":12,"minecraft:bow":1,"minecraft:wheat_seeds":4,"vanillahammers:fiery_hammer":2,"minecraft:spruce_planks":104,"minecraft:spruce_wood":62,"minecraft:iron_ingot":113,"minecraft:iron_ore":3,"minecraft:poppy":6,"minecraft:melon_slice":34,"minecraft:coal_block":9,"minecraft:iron_sword":3,"minecraft:dark_oak_stairs":4,"minecraft:iron_boots":7,"minecraft:egg":2,"minecraft:stick":3,"minecraft:dark_oak_slab":2,"minecraft:stone":308,"minecraft:dandelion":3,"minecraft:torch":34,"minecraft:quartz":96,"minecraft:acacia_log":7,"minecraft:spruce_stairs":11,"minecraft:spruce_fence":4,"minecraft:gravel":10,"minecraft:porkchop":27,"minecraft:sand":3,"minecraft:stone_button":11,"minecraft:gold_ore":9,"minecraft:diorite":106,"minecraft:redstone":26,"minecraft:barrel":12,"minecraft:dark_oak_planks":12,"minecraft:tnt":5,"minecraft:arrow":23,"minecraft:rotten_flesh":15,"minecraft:diamond":17,"minecraft:iron_helmet":1,"minecraft:granite":198,"minecraft:gold_ingot":37,"vanillahammers:stone_hammer":2,"vanillahammers:coal_hammer":2,"minecraft:oak_sapling":3,"minecraft:netherrack":6,"minecraft:black_wool":4,"mowziesmobs:barakoa_mask_misery":1,"minecraft:mutton":17,"minecraft:coal":225,"minecraft:white_wool":32,"minecraft:cobblestone":1612},"minecraft:crafted":{"minecraft:crafting_table":2,"minecraft:iron_helmet":1,"minecraft:furnace":1,"vanillahammers:fiery_hammer":1,"vanillahammers:wood_hammer":1,"vanillahammers:stone_hammer":1,"minecraft:stick":28,"vanillahammers:iron_hammer":1,"minecraft:iron_block":2,"vanillahammers:coal_hammer":1,"minecraft:iron_leggings":1,"minecraft:acacia_planks":20,"minecraft:torch":36},"minecraft:mined":{"minecraft:dark_oak_planks":6,"minecraft:diamond_ore":13,"minecraft:acacia_leaves":1,"minecraft:spruce_planks":2,"minecraft:red_bed":1,"minecraft:dandelion":1,"minecraft:torch":1,"minecraft:granite":79,"minecraft:acacia_log":7,"minecraft:spruce_fence":1,"minecraft:grass_block":1,"minecraft:poppy":1,"minecraft:melon":6,"minecraft:tall_grass":2,"minecraft:cobblestone":27,"minecraft:lapis_ore":4,"minecraft:frosted_ice":1,"minecraft:diorite":85,"minecraft:wall_torch":2,"minecraft:redstone_ore":5,"minecraft:spruce_stairs":3,"minecraft:magma_block":3,"minecraft:dark_oak_slab":2,"minecraft:iron_ore":69,"minecraft:fire":9,"minecraft:andesite":102,"minecraft:black_concrete":2,"minecraft:tnt":2,"minecraft:dark_oak_stairs":2,"minecraft:grass":8,"minecraft:coal_ore":52,"minecraft:gravel":2,"minecraft:sand":3,"minecraft:stone":1309,"minecraft:netherrack":6,"minecraft:gold_ore":9,"minecraft:oak_leaves":7}},"DataVersion":2586}