{"stats":{"minecraft:used":{"minecraft:egg":1,"minecraft:crafting_table":1},"minecraft:custom":{"minecraft:jump":13,"minecraft:time_since_rest":4991,"minecraft:crouch_one_cm":24,"minecraft:play_one_minute":4991,"minecraft:sprint_one_cm":20,"minecraft:walk_on_water_one_cm":321,"minecraft:time_since_death":4991,"minecraft:walk_one_cm":31633,"minecraft:sneak_time":37,"minecraft:walk_under_water_one_cm":262,"minecraft:interact_with_crafting_table":2,"minecraft:swim_one_cm":1036,"minecraft:fly_one_cm":81},"minecraft:picked_up":{"minecraft:acacia_log":7,"minecraft:egg":1},"minecraft:mined":{"minecraft:grass":1,"minecraft:acacia_log":7,"minecraft:acacia_leaves":1},"minecraft:crafted":{"vanillahammers:wood_hammer":1,"minecraft:crafting_table":1,"minecraft:stick":4,"minecraft:acacia_planks":20}},"DataVersion":2586}