{"stats":{"minecraft:killed_by":{"minecraft:creeper":1},"minecraft:used":{"vanillahammers:stone_hammer":66,"minecraft:rotten_flesh":2,"minecraft:torch":2,"minecraft:cobblestone":9,"minecraft:crafting_table":1,"minecraft:porkchop":8,"vanillahammers:wood_hammer":9,"minecraft:egg":1},"minecraft:custom":{"minecraft:time_since_rest":6366,"minecraft:sprint_one_cm":48517,"minecraft:damage_taken":670,"minecraft:walk_one_cm":79955,"minecraft:mob_kills":11,"minecraft:damage_dealt":1721,"minecraft:swim_one_cm":20758,"minecraft:interact_with_crafting_table":3,"minecraft:fly_one_cm":44360,"minecraft:open_chest":1,"minecraft:crouch_one_cm":24,"minecraft:play_one_minute":16991,"minecraft:deaths":1,"minecraft:sneak_time":49,"minecraft:walk_under_water_one_cm":2656,"minecraft:jump":249,"minecraft:walk_on_water_one_cm":4928,"minecraft:time_since_death":6315,"minecraft:fall_one_cm":4391},"minecraft:killed":{"minecraft:sheep":2,"minecraft:zombie":3,"minecraft:pig":4,"minecraft:spider":1},"minecraft:picked_up":{"minecraft:stick":2,"minecraft:torch":1,"minecraft:acacia_log":7,"minecraft:gravel":2,"minecraft:porkchop":9,"minecraft:flint":2,"minecraft:diorite":10,"vanillahammers:wood_hammer":1,"minecraft:string":1,"minecraft:dirt":2,"minecraft:acacia_planks":12,"minecraft:rotten_flesh":3,"minecraft:granite":20,"vanillahammers:stone_hammer":1,"minecraft:mutton":2,"minecraft:coal":24,"minecraft:white_wool":2,"minecraft:cobblestone":209,"minecraft:egg":1},"minecraft:mined":{"minecraft:acacia_leaves":1,"minecraft:torch":1,"minecraft:granite":22,"minecraft:grass":5,"minecraft:acacia_log":7,"minecraft:grass_block":1,"minecraft:coal_ore":24,"minecraft:gravel":1,"minecraft:tall_grass":2,"minecraft:stone":190,"minecraft:diorite":8},"minecraft:crafted":{"vanillahammers:stone_hammer":1,"minecraft:crafting_table":1,"minecraft:stick":8,"vanillahammers:wood_hammer":1,"minecraft:acacia_planks":20,"minecraft:torch":8}},"DataVersion":2586}