{"stats":{"minecraft:dropped":{"minecraft:stick":1},"minecraft:killed_by":{"minecraft:player":1,"minecraft:skeleton":2,"minecraft:creeper":1},"minecraft:used":{"vanillahammers:stone_hammer":265,"minecraft:diorite":9,"minecraft:flint_and_steel":4,"vanillahammers:coal_hammer":49,"minecraft:iron_sword":17,"minecraft:rotten_flesh":9,"minecraft:torch":22,"minecraft:mutton":13,"minecraft:tnt":3,"minecraft:crafting_table":2,"minecraft:barrel":1,"vanillahammers:fiery_hammer":26,"minecraft:coal_block":3,"minecraft:cobblestone":81,"minecraft:porkchop":16,"vanillahammers:wood_hammer":20,"minecraft:egg":1},"minecraft:custom":{"minecraft:mob_kills":43,"minecraft:interact_with_crafting_table":5,"minecraft:open_barrel":15,"minecraft:play_one_minute":64991,"minecraft:time_since_death":15277,"minecraft:sleep_in_bed":1,"minecraft:damage_resisted":54,"minecraft:time_since_rest":10828,"minecraft:sprint_one_cm":140899,"minecraft:damage_taken":1915,"minecraft:walk_one_cm":203012,"minecraft:drop":1,"minecraft:damage_dealt":9307,"minecraft:swim_one_cm":195817,"minecraft:fly_one_cm":120228,"minecraft:open_chest":5,"minecraft:crouch_one_cm":2465,"minecraft:deaths":4,"minecraft:sneak_time":1249,"minecraft:walk_under_water_one_cm":37209,"minecraft:jump":764,"minecraft:walk_on_water_one_cm":39640,"minecraft:fall_one_cm":14947},"minecraft:killed":{"minecraft:pig":7,"minecraft:spider":1,"minecraft:sheep":8,"minecraft:skeleton":8,"minecraft:zombie":8,"mowziesmobs:barakoana":1,"minecraft:silverfish":3,"minecraft:drowned":1},"minecraft:picked_up":{"minecraft:magma_block":3,"minecraft:iron_chestplate":2,"minecraft:feather":45,"minecraft:andesite":58,"minecraft:flint":17,"vanillahammers:wood_hammer":4,"minecraft:gunpowder":71,"minecraft:lapis_lazuli":11,"minecraft:red_bed":2,"minecraft:dirt":8,"minecraft:string":4,"minecraft:flint_and_steel":2,"minecraft:bone":13,"minecraft:acacia_planks":12,"minecraft:wheat_seeds":1,"minecraft:spruce_planks":104,"minecraft:spruce_wood":62,"minecraft:iron_ingot":18,"minecraft:poppy":4,"minecraft:coal_block":9,"minecraft:iron_sword":1,"minecraft:dark_oak_stairs":4,"minecraft:iron_boots":5,"minecraft:egg":2,"minecraft:stick":3,"minecraft:dark_oak_slab":2,"minecraft:stone":70,"minecraft:dandelion":1,"minecraft:torch":30,"minecraft:quartz":32,"minecraft:acacia_log":7,"minecraft:spruce_stairs":11,"minecraft:spruce_fence":2,"minecraft:gravel":6,"minecraft:porkchop":27,"minecraft:stone_button":7,"minecraft:diorite":26,"minecraft:barrel":12,"minecraft:dark_oak_planks":12,"minecraft:tnt":5,"minecraft:arrow":15,"minecraft:rotten_flesh":11,"minecraft:diamond":4,"minecraft:granite":92,"minecraft:gold_ingot":37,"vanillahammers:stone_hammer":2,"minecraft:netherrack":6,"minecraft:black_wool":4,"mowziesmobs:barakoa_mask_misery":1,"minecraft:mutton":15,"minecraft:coal":138,"minecraft:white_wool":28,"minecraft:cobblestone":796},"minecraft:crafted":{"minecraft:crafting_table":2,"vanillahammers:fiery_hammer":1,"vanillahammers:wood_hammer":1,"vanillahammers:stone_hammer":1,"minecraft:stick":20,"vanillahammers:coal_hammer":1,"minecraft:acacia_planks":20,"minecraft:torch":24},"minecraft:mined":{"minecraft:dark_oak_planks":6,"minecraft:acacia_leaves":1,"minecraft:spruce_planks":2,"minecraft:red_bed":1,"minecraft:dandelion":1,"minecraft:torch":1,"minecraft:granite":34,"minecraft:acacia_log":7,"minecraft:spruce_fence":1,"minecraft:grass_block":1,"minecraft:poppy":1,"minecraft:tall_grass":2,"minecraft:cobblestone":5,"minecraft:lapis_ore":2,"minecraft:diorite":21,"minecraft:spruce_stairs":3,"minecraft:magma_block":3,"minecraft:dark_oak_slab":2,"minecraft:iron_ore":18,"minecraft:fire":9,"minecraft:andesite":58,"minecraft:black_concrete":2,"minecraft:tnt":2,"minecraft:dark_oak_stairs":2,"minecraft:grass":8,"minecraft:coal_ore":44,"minecraft:gravel":2,"minecraft:stone":585,"minecraft:netherrack":6}},"DataVersion":2586}