{"stats":{"minecraft:dropped":{"minecraft:stick":1},"minecraft:killed_by":{"minecraft:husk":1,"minecraft:player":1,"minecraft:skeleton":2,"minecraft:creeper":2,"minecraft:zombie":1},"minecraft:used":{"vanillahammers:stone_hammer":265,"minecraft:diorite":9,"minecraft:flint_and_steel":4,"vanillahammers:iron_hammer":4,"vanillahammers:coal_hammer":66,"minecraft:iron_sword":41,"minecraft:rotten_flesh":12,"minecraft:torch":30,"minecraft:sand":2,"minecraft:mutton":15,"minecraft:tnt":3,"minecraft:crafting_table":2,"minecraft:melon_slice":13,"minecraft:barrel":1,"vanillahammers:fiery_hammer":48,"minecraft:coal_block":3,"minecraft:cobblestone":168,"minecraft:porkchop":16,"vanillahammers:wood_hammer":20,"minecraft:egg":1},"minecraft:custom":{"minecraft:mob_kills":53,"minecraft:interact_with_crafting_table":9,"minecraft:open_barrel":19,"minecraft:play_one_minute":88991,"minecraft:time_since_death":10832,"minecraft:sleep_in_bed":1,"minecraft:damage_resisted":54,"minecraft:time_since_rest":10856,"minecraft:sprint_one_cm":240204,"minecraft:damage_taken":2817,"minecraft:walk_one_cm":321177,"minecraft:drop":1,"minecraft:damage_dealt":10837,"minecraft:talked_to_villager":1,"minecraft:swim_one_cm":201885,"minecraft:fly_one_cm":194684,"minecraft:open_chest":5,"minecraft:crouch_one_cm":7842,"minecraft:deaths":7,"minecraft:sneak_time":3105,"minecraft:walk_under_water_one_cm":40085,"minecraft:jump":1222,"minecraft:walk_on_water_one_cm":60642,"minecraft:fall_one_cm":24886},"minecraft:killed":{"minecraft:pig":7,"minecraft:spider":1,"minecraft:sheep":10,"minecraft:skeleton":10,"minecraft:zombie":11,"mowziesmobs:barakoana":1,"minecraft:silverfish":3,"minecraft:drowned":1,"minecraft:villager":1},"minecraft:picked_up":{"minecraft:magma_block":3,"minecraft:iron_chestplate":4,"minecraft:feather":73,"minecraft:andesite":66,"minecraft:flint":25,"vanillahammers:wood_hammer":6,"minecraft:gunpowder":71,"minecraft:lapis_lazuli":33,"minecraft:red_bed":4,"minecraft:dirt":8,"minecraft:string":6,"minecraft:flint_and_steel":2,"minecraft:bone":19,"minecraft:acacia_planks":12,"minecraft:bow":1,"minecraft:wheat_seeds":4,"vanillahammers:fiery_hammer":2,"minecraft:spruce_planks":104,"minecraft:spruce_wood":62,"minecraft:iron_ingot":91,"minecraft:poppy":6,"minecraft:melon_slice":34,"minecraft:coal_block":9,"minecraft:iron_sword":3,"minecraft:dark_oak_stairs":4,"minecraft:iron_boots":7,"minecraft:egg":2,"minecraft:stick":3,"minecraft:dark_oak_slab":2,"minecraft:stone":281,"minecraft:dandelion":3,"minecraft:torch":34,"minecraft:quartz":96,"minecraft:acacia_log":7,"minecraft:spruce_stairs":11,"minecraft:spruce_fence":4,"minecraft:gravel":10,"minecraft:porkchop":27,"minecraft:sand":3,"minecraft:stone_button":11,"minecraft:diorite":64,"minecraft:barrel":12,"minecraft:dark_oak_planks":12,"minecraft:tnt":5,"minecraft:arrow":21,"minecraft:rotten_flesh":12,"minecraft:diamond":4,"minecraft:iron_helmet":1,"minecraft:granite":162,"minecraft:gold_ingot":37,"vanillahammers:stone_hammer":2,"vanillahammers:coal_hammer":2,"minecraft:oak_sapling":2,"minecraft:netherrack":6,"minecraft:black_wool":4,"mowziesmobs:barakoa_mask_misery":1,"minecraft:mutton":17,"minecraft:coal":222,"minecraft:white_wool":32,"minecraft:cobblestone":1365},"minecraft:crafted":{"minecraft:crafting_table":2,"minecraft:iron_helmet":1,"vanillahammers:fiery_hammer":1,"vanillahammers:wood_hammer":1,"vanillahammers:stone_hammer":1,"minecraft:stick":24,"vanillahammers:iron_hammer":1,"minecraft:iron_block":2,"vanillahammers:coal_hammer":1,"minecraft:acacia_planks":20,"minecraft:torch":36},"minecraft:mined":{"minecraft:dark_oak_planks":6,"minecraft:acacia_leaves":1,"minecraft:spruce_planks":2,"minecraft:red_bed":1,"minecraft:dandelion":1,"minecraft:torch":1,"minecraft:granite":40,"minecraft:acacia_log":7,"minecraft:spruce_fence":1,"minecraft:grass_block":1,"minecraft:poppy":1,"minecraft:melon":6,"minecraft:tall_grass":2,"minecraft:cobblestone":12,"minecraft:lapis_ore":2,"minecraft:diorite":28,"minecraft:wall_torch":2,"minecraft:spruce_stairs":3,"minecraft:magma_block":3,"minecraft:dark_oak_slab":2,"minecraft:iron_ore":44,"minecraft:fire":9,"minecraft:andesite":68,"minecraft:black_concrete":2,"minecraft:tnt":2,"minecraft:dark_oak_stairs":2,"minecraft:grass":8,"minecraft:coal_ore":50,"minecraft:gravel":2,"minecraft:sand":3,"minecraft:stone":655,"minecraft:netherrack":6,"minecraft:oak_leaves":7}},"DataVersion":2586}