{"stats":{"minecraft:killed_by":{"minecraft:zombie":1},"minecraft:dropped":{"minecraft:azure_bluet":1},"minecraft:used":{"minecraft:wooden_axe":33,"minecraft:bread":1,"minecraft:spruce_slab":2,"minecraft:oak_planks":3,"carryon:entity_item":1,"minecraft:spruce_planks":1,"minecraft:sand":3,"minecraft:dirt":3,"minecraft:mutton":1,"minecraft:crafting_table":3,"minecraft:pumpkin":3},"minecraft:custom":{"minecraft:time_since_rest":13020,"minecraft:sprint_one_cm":13742,"minecraft:damage_taken":470,"minecraft:walk_one_cm":60065,"minecraft:mob_kills":1,"minecraft:drop":1,"minecraft:damage_dealt":250,"minecraft:fly_one_cm":8661,"minecraft:interact_with_crafting_table":5,"minecraft:swim_one_cm":14685,"minecraft:open_barrel":5,"minecraft:crouch_one_cm":3691,"minecraft:play_one_minute":21028,"minecraft:deaths":1,"minecraft:sneak_time":2204,"minecraft:walk_under_water_one_cm":9584,"minecraft:jump":174,"minecraft:time_since_death":12985,"minecraft:walk_on_water_one_cm":23038,"minecraft:climb_one_cm":1073,"minecraft:fall_one_cm":1649,"minecraft:inspect_dispenser":3},"minecraft:killed":{"minecraft:sheep":1},"minecraft:picked_up":{"minecraft:crafting_table":3,"minecraft:azure_bluet":1,"minecraft:pumpkin":7,"minecraft:oak_fence":1,"minecraft:spruce_stairs":1,"minecraft:spruce_fence":2,"minecraft:jungle_planks":3,"minecraft:sand":7,"minecraft:oak_log":24,"minecraft:crimson_planks":4,"minecraft:dirt":3,"minecraft:dark_oak_planks":1,"minecraft:cactus":3,"minecraft:kelp":113,"minecraft:wheat_seeds":7,"minecraft:spruce_planks":12,"minecraft:hay_block":7,"minecraft:bread":5,"minecraft:spruce_slab":3,"minecraft:oak_sapling":1,"minecraft:mutton":1,"minecraft:white_wool":1},"minecraft:crafted":{"minecraft:oak_planks":16,"minecraft:crafting_table":1,"minecraft:stick":4,"minecraft:wooden_pickaxe":1,"minecraft:wooden_axe":1,"minecraft:bread":21,"minecraft:wheat":63},"minecraft:mined":{"minecraft:hay_block":7,"minecraft:dark_oak_planks":1,"minecraft:spruce_stairs":1,"minecraft:seagrass":1,"minecraft:cactus":4,"minecraft:spruce_planks":12,"minecraft:kelp_plant":27,"minecraft:pumpkin":7,"minecraft:oak_fence":1,"minecraft:crafting_table":3,"minecraft:azure_bluet":1,"minecraft:grass":45,"minecraft:grass_block":2,"minecraft:spruce_fence":2,"minecraft:oak_log":24,"minecraft:jungle_planks":3,"minecraft:sand":9,"minecraft:dirt":1,"minecraft:crimson_planks":3,"minecraft:tall_grass":13,"minecraft:kelp":4,"minecraft:spruce_slab":3,"minecraft:oak_leaves":4}},"DataVersion":2586}