{"stats":{"minecraft:killed_by":{"minecraft:zombie":1},"minecraft:used":{"minecraft:dirt":3,"minecraft:crafting_table":1,"carryon:entity_item":1},"minecraft:custom":{"minecraft:deaths":1,"minecraft:time_since_rest":1020,"minecraft:play_one_minute":9028,"minecraft:crouch_one_cm":1455,"minecraft:sprint_one_cm":13403,"minecraft:damage_taken":270,"minecraft:walk_one_cm":45030,"minecraft:sneak_time":941,"minecraft:walk_under_water_one_cm":314,"minecraft:mob_kills":1,"minecraft:jump":121,"minecraft:damage_dealt":250,"minecraft:walk_on_water_one_cm":1468,"minecraft:time_since_death":985,"minecraft:interact_with_crafting_table":1,"minecraft:fall_one_cm":1649,"minecraft:fly_one_cm":7815},"minecraft:killed":{"minecraft:sheep":1},"minecraft:picked_up":{"minecraft:crafting_table":1,"minecraft:azure_bluet":1,"minecraft:cactus":3,"minecraft:pumpkin":7,"minecraft:wheat_seeds":7,"minecraft:oak_log":21,"minecraft:oak_sapling":1,"minecraft:mutton":1,"minecraft:dirt":3,"minecraft:white_wool":1},"minecraft:crafted":{"minecraft:oak_planks":12,"minecraft:crafting_table":1,"minecraft:stick":4,"minecraft:wooden_pickaxe":1},"minecraft:mined":{"minecraft:cactus":4,"minecraft:grass":45,"minecraft:grass_block":2,"minecraft:oak_log":21,"minecraft:dirt":1,"minecraft:tall_grass":13,"minecraft:crafting_table":1,"minecraft:pumpkin":7,"minecraft:oak_leaves":4,"minecraft:azure_bluet":1}},"DataVersion":2586}