{"stats":{"minecraft:broken":{"minecraft:stone_pickaxe":2},"minecraft:dropped":{"minecraft:bread":4,"minecraft:wheat_seeds":16,"minecraft:baked_potato":1,"minecraft:diorite":2,"minecraft:sand":5,"minecraft:azure_bluet":1,"minecraft:iron_chestplate":1,"minecraft:yellow_bed":1,"minecraft:bow":1,"minecraft:arrow":1},"minecraft:mined":{"minecraft:dark_oak_planks":1,"minecraft:spruce_planks":16,"minecraft:oak_door":1,"minecraft:grass_block":4,"minecraft:spruce_fence":2,"minecraft:jungle_planks":3,"minecraft:kelp":4,"minecraft:sandstone":23,"minecraft:hay_block":28,"minecraft:smooth_stone":2,"minecraft:furnace":7,"minecraft:iron_ore":127,"minecraft:andesite":11,"minecraft:pumpkin":7,"minecraft:azure_bluet":1,"minecraft:cobblestone_slab":1,"minecraft:stone":201,"minecraft:spruce_slab":3,"minecraft:red_bed":2,"minecraft:kelp_plant":27,"minecraft:blue_stained_glass":1,"minecraft:oak_fence":1,"minecraft:crafting_table":9,"minecraft:torch":2,"minecraft:dead_bush":4,"minecraft:tall_grass":20,"minecraft:cobblestone":72,"minecraft:sugar_cane":4,"minecraft:diorite":11,"minecraft:wall_torch":1,"minecraft:spruce_stairs":1,"minecraft:seagrass":1,"minecraft:red_terracotta":1,"minecraft:cactus":4,"minecraft:cobblestone_wall":4,"minecraft:white_wall_banner":1,"minecraft:smooth_stone_slab":1,"minecraft:grass":95,"minecraft:oak_log":30,"minecraft:coal_ore":136,"minecraft:gravel":1,"minecraft:sand":22,"minecraft:dirt":1,"minecraft:crimson_planks":3,"minecraft:oak_leaves":5},"minecraft:killed_by":{"minecraft:zombie":1},"minecraft:picked_up":{"minecraft:wooden_axe":1,"minecraft:crafting_table":11,"minecraft:iron_chestplate":3,"minecraft:wheat":6,"minecraft:azure_bluet":1,"minecraft:crimson_planks":4,"minecraft:string":15,"minecraft:red_bed":3,"minecraft:acacia_door":1,"minecraft:wooden_sword":1,"minecraft:iron_leggings":2,"minecraft:smooth_stone":2,"minecraft:spruce_planks":16,"minecraft:beef":1,"minecraft:spruce_slab":3,"minecraft:chest":1,"minecraft:sugar_cane":20,"minecraft:furnace":10,"minecraft:stick":3,"minecraft:sandstone":22,"minecraft:oak_door":4,"minecraft:oak_fence":1,"minecraft:torch":5,"minecraft:spruce_stairs":1,"minecraft:spruce_fence":2,"minecraft:porkchop":1,"minecraft:diorite":19,"minecraft:dark_oak_planks":1,"minecraft:orange_bed":1,"minecraft:arrow":8,"minecraft:stone_sword":1,"minecraft:cactus":3,"minecraft:rotten_flesh":10,"minecraft:hay_block":31,"minecraft:saddle":1,"minecraft:gold_ingot":9,"minecraft:mutton":1,"minecraft:cobblestone":415,"minecraft:white_wool":6,"minecraft:andesite":13,"minecraft:leather":1,"mowziesmobs:barakoa_mask_fury":1,"minecraft:oak_log":30,"minecraft:gunpowder":1,"minecraft:yellow_bed":1,"vanillahammers:wood_hammer":2,"minecraft:dirt":22,"minecraft:white_banner":1,"minecraft:bone":20,"minecraft:kelp":177,"minecraft:wheat_seeds":30,"minecraft:stone_pickaxe":1,"minecraft:iron_ingot":1,"minecraft:iron_ore":127,"minecraft:oak_planks":23,"minecraft:pumpkin":7,"minecraft:gravel":1,"minecraft:jungle_planks":3,"minecraft:sand":12,"mowziesmobs:barakoa_mask_bliss":1,"minecraft:red_terracotta":2,"minecraft:spider_eye":4,"minecraft:stone_axe":2,"minecraft:iron_helmet":2,"vanillahammers:stone_hammer":2,"minecraft:bread":47,"minecraft:baked_potato":1,"minecraft:oak_sapling":1,"minecraft:coal":180},"minecraft:crafted":{"minecraft:oak_door":3,"minecraft:oak_planks":56,"minecraft:furnace":3,"minecraft:bow":1,"minecraft:iron_boots":1,"minecraft:stone_pickaxe":5,"minecraft:chest":4,"minecraft:wheat":256,"minecraft:cooked_cod":3,"minecraft:crafting_table":1,"minecraft:wooden_pickaxe":1,"minecraft:iron_helmet":1,"minecraft:iron_sword":1,"minecraft:bucket":1,"minecraft:stone_axe":2,"minecraft:bread":94,"minecraft:air":0,"vanillahammers:stone_hammer":1,"minecraft:iron_chestplate":1,"minecraft:charcoal":7,"minecraft:shield":3,"minecraft:stick":40,"minecraft:iron_ingot":89,"minecraft:iron_pickaxe":1,"minecraft:wooden_axe":1,"minecraft:stone_sword":1,"minecraft:iron_leggings":1,"minecraft:gold_ingot":9,"minecraft:white_bed":1,"minecraft:torch":92},"minecraft:custom":{"minecraft:mob_kills":17,"minecraft:inspect_hopper":1,"minecraft:interact_with_crafting_table":61,"minecraft:open_barrel":20,"minecraft:leave_game":9,"minecraft:time_since_death":144780,"minecraft:climb_one_cm":2841,"minecraft:sprint_one_cm":169654,"minecraft:walk_one_cm":415191,"minecraft:damage_blocked_by_shield":570,"minecraft:drop":15,"minecraft:deaths":1,"minecraft:sneak_time":12963,"minecraft:walk_under_water_one_cm":11606,"minecraft:jump":1515,"minecraft:walk_on_water_one_cm":29785,"minecraft:interact_with_furnace":89,"minecraft:interact_with_cartography_table":1,"minecraft:play_one_minute":152823,"minecraft:sleep_in_bed":5,"minecraft:time_since_rest":5369,"minecraft:damage_taken":2135,"minecraft:damage_dealt":3703,"minecraft:swim_one_cm":19246,"minecraft:fly_one_cm":166428,"minecraft:open_chest":99,"minecraft:crouch_one_cm":33930,"minecraft:fall_one_cm":25063,"minecraft:inspect_dispenser":3},"minecraft:killed":{"minecraft:witch":1,"minecraft:spider":3,"minecraft:skeleton":7,"minecraft:drowned":1,"minecraft:sheep":1,"minecraft:zombie":3},"minecraft:used":{"minecraft:stone_sword":72,"minecraft:spruce_slab":2,"minecraft:chest":5,"minecraft:spruce_planks":1,"minecraft:shield":20,"minecraft:iron_sword":39,"minecraft:oak_door":1,"minecraft:torch":69,"minecraft:dirt":3,"minecraft:mutton":1,"minecraft:wooden_axe":37,"minecraft:lava_bucket":3,"carryon:entity_item":1,"minecraft:bow":4,"minecraft:furnace":7,"minecraft:cooked_cod":3,"minecraft:pumpkin":3,"vanillahammers:stone_hammer":65,"minecraft:water_bucket":2,"minecraft:stone_pickaxe":492,"minecraft:baked_potato":8,"minecraft:oak_planks":3,"minecraft:wooden_pickaxe":5,"minecraft:sand":3,"minecraft:crafting_table":8,"minecraft:red_bed":3,"minecraft:white_bed":1,"minecraft:acacia_door":1,"minecraft:bread":29,"minecraft:gravel":1,"minecraft:stone_axe":27,"minecraft:cobblestone":235,"minecraft:bucket":6}},"DataVersion":2586}