{"stats":{"minecraft:killed_by":{"minecraft:zombie":1},"minecraft:dropped":{"minecraft:azure_bluet":1},"minecraft:used":{"vanillahammers:stone_hammer":35,"minecraft:stone_sword":6,"minecraft:spruce_slab":2,"minecraft:stone_pickaxe":110,"minecraft:oak_planks":3,"minecraft:shield":1,"minecraft:chest":1,"minecraft:spruce_planks":1,"minecraft:wooden_pickaxe":5,"minecraft:torch":15,"minecraft:dirt":3,"minecraft:sand":3,"minecraft:mutton":1,"minecraft:crafting_table":4,"minecraft:wooden_axe":37,"minecraft:bread":1,"carryon:entity_item":1,"minecraft:stone_axe":10,"minecraft:cobblestone":1,"minecraft:furnace":2,"minecraft:cooked_cod":3,"minecraft:pumpkin":3},"minecraft:custom":{"minecraft:interact_with_furnace":40,"minecraft:mob_kills":2,"minecraft:interact_with_cartography_table":1,"minecraft:interact_with_crafting_table":31,"minecraft:open_barrel":5,"minecraft:play_one_minute":45028,"minecraft:time_since_death":36985,"minecraft:climb_one_cm":1073,"minecraft:time_since_rest":37020,"minecraft:sprint_one_cm":47075,"minecraft:damage_taken":517,"minecraft:walk_one_cm":127433,"minecraft:damage_blocked_by_shield":30,"minecraft:drop":1,"minecraft:damage_dealt":729,"minecraft:swim_one_cm":18607,"minecraft:fly_one_cm":37248,"minecraft:open_chest":13,"minecraft:crouch_one_cm":6125,"minecraft:deaths":1,"minecraft:sneak_time":3562,"minecraft:walk_under_water_one_cm":11371,"minecraft:jump":422,"minecraft:walk_on_water_one_cm":26240,"minecraft:fall_one_cm":5113,"minecraft:inspect_dispenser":3},"minecraft:killed":{"minecraft:sheep":1,"minecraft:zombie":1},"minecraft:picked_up":{"minecraft:crafting_table":5,"minecraft:azure_bluet":1,"minecraft:oak_log":30,"minecraft:crimson_planks":4,"minecraft:dirt":21,"minecraft:red_bed":1,"minecraft:acacia_door":1,"minecraft:bone":2,"minecraft:kelp":113,"minecraft:wheat_seeds":11,"minecraft:spruce_planks":16,"minecraft:iron_ore":34,"minecraft:spruce_slab":3,"minecraft:furnace":2,"minecraft:pumpkin":7,"minecraft:oak_fence":1,"minecraft:spruce_stairs":1,"minecraft:spruce_fence":2,"minecraft:sand":7,"minecraft:jungle_planks":3,"minecraft:diorite":2,"minecraft:red_terracotta":2,"minecraft:dark_oak_planks":1,"minecraft:cactus":3,"minecraft:rotten_flesh":1,"minecraft:hay_block":7,"minecraft:bread":5,"minecraft:oak_sapling":1,"minecraft:mutton":1,"minecraft:white_wool":1,"minecraft:cobblestone":85},"minecraft:crafted":{"minecraft:cooked_cod":3,"minecraft:oak_planks":24,"minecraft:crafting_table":1,"minecraft:wooden_pickaxe":1,"minecraft:iron_helmet":1,"minecraft:iron_sword":1,"minecraft:furnace":2,"minecraft:stone_axe":1,"minecraft:bread":21,"minecraft:air":0,"vanillahammers:stone_hammer":1,"minecraft:iron_boots":1,"minecraft:iron_chestplate":1,"minecraft:charcoal":7,"minecraft:shield":1,"minecraft:stick":24,"minecraft:iron_ingot":34,"minecraft:iron_pickaxe":1,"minecraft:stone_pickaxe":1,"minecraft:wooden_axe":1,"minecraft:stone_sword":1,"minecraft:chest":1,"minecraft:iron_leggings":1,"minecraft:torch":24,"minecraft:wheat":63},"minecraft:mined":{"minecraft:dark_oak_planks":1,"minecraft:spruce_planks":16,"minecraft:red_bed":1,"minecraft:kelp_plant":27,"minecraft:oak_fence":1,"minecraft:crafting_table":4,"minecraft:grass_block":3,"minecraft:spruce_fence":2,"minecraft:jungle_planks":3,"minecraft:tall_grass":13,"minecraft:kelp":4,"minecraft:diorite":2,"minecraft:seagrass":1,"minecraft:spruce_stairs":1,"minecraft:hay_block":7,"minecraft:red_terracotta":1,"minecraft:cactus":4,"minecraft:furnace":2,"minecraft:iron_ore":34,"minecraft:pumpkin":7,"minecraft:azure_bluet":1,"minecraft:grass":74,"minecraft:oak_log":30,"minecraft:sand":9,"minecraft:dirt":1,"minecraft:crimson_planks":3,"minecraft:stone":85,"minecraft:oak_leaves":5,"minecraft:spruce_slab":3}},"DataVersion":2586}