{"stats":{"minecraft:killed_by":{"minecraft:zombie":1},"minecraft:dropped":{"minecraft:bread":4,"minecraft:wheat_seeds":16,"minecraft:baked_potato":1,"minecraft:diorite":2,"minecraft:sand":5,"minecraft:azure_bluet":1,"minecraft:iron_chestplate":1,"minecraft:yellow_bed":1,"minecraft:arrow":1,"minecraft:bow":1},"minecraft:used":{"minecraft:stone_sword":68,"minecraft:spruce_slab":2,"minecraft:chest":3,"minecraft:spruce_planks":1,"minecraft:shield":18,"minecraft:iron_sword":26,"minecraft:torch":65,"minecraft:dirt":3,"minecraft:mutton":1,"minecraft:wooden_axe":37,"minecraft:lava_bucket":3,"carryon:entity_item":1,"minecraft:bow":4,"minecraft:furnace":5,"minecraft:cooked_cod":3,"minecraft:pumpkin":3,"vanillahammers:stone_hammer":65,"minecraft:water_bucket":2,"minecraft:stone_pickaxe":429,"minecraft:baked_potato":8,"minecraft:oak_planks":3,"minecraft:wooden_pickaxe":5,"minecraft:sand":3,"minecraft:crafting_table":6,"minecraft:red_bed":3,"minecraft:acacia_door":1,"minecraft:bread":23,"minecraft:gravel":1,"minecraft:stone_axe":23,"minecraft:cobblestone":97,"minecraft:bucket":5},"minecraft:custom":{"minecraft:mob_kills":14,"minecraft:inspect_hopper":1,"minecraft:interact_with_crafting_table":43,"minecraft:open_barrel":20,"minecraft:leave_game":4,"minecraft:time_since_death":103593,"minecraft:climb_one_cm":2841,"minecraft:sprint_one_cm":163047,"minecraft:walk_one_cm":365588,"minecraft:damage_blocked_by_shield":490,"minecraft:drop":15,"minecraft:deaths":1,"minecraft:sneak_time":11525,"minecraft:walk_under_water_one_cm":11606,"minecraft:jump":1326,"minecraft:walk_on_water_one_cm":29615,"minecraft:interact_with_furnace":87,"minecraft:interact_with_cartography_table":1,"minecraft:play_one_minute":111636,"minecraft:sleep_in_bed":1,"minecraft:time_since_rest":64649,"minecraft:damage_taken":2056,"minecraft:damage_dealt":3046,"minecraft:swim_one_cm":19246,"minecraft:fly_one_cm":155534,"minecraft:open_chest":38,"minecraft:crouch_one_cm":29295,"minecraft:fall_one_cm":22911,"minecraft:inspect_dispenser":3},"minecraft:killed":{"minecraft:witch":1,"minecraft:spider":2,"minecraft:skeleton":5,"minecraft:drowned":1,"minecraft:sheep":1,"minecraft:zombie":3},"minecraft:broken":{"minecraft:stone_pickaxe":2},"minecraft:picked_up":{"minecraft:wooden_axe":1,"minecraft:iron_chestplate":2,"minecraft:crafting_table":8,"minecraft:wheat":1,"minecraft:azure_bluet":1,"minecraft:crimson_planks":4,"minecraft:string":2,"minecraft:red_bed":3,"minecraft:acacia_door":1,"minecraft:wooden_sword":1,"minecraft:iron_leggings":1,"minecraft:smooth_stone":1,"minecraft:spruce_planks":16,"minecraft:beef":1,"minecraft:spruce_slab":3,"minecraft:sugar_cane":10,"minecraft:furnace":5,"minecraft:stick":1,"minecraft:sandstone":22,"minecraft:oak_fence":1,"minecraft:torch":3,"minecraft:spruce_stairs":1,"minecraft:spruce_fence":2,"minecraft:porkchop":1,"minecraft:diorite":12,"minecraft:dark_oak_planks":1,"minecraft:orange_bed":1,"minecraft:arrow":6,"minecraft:cactus":3,"minecraft:rotten_flesh":5,"minecraft:hay_block":29,"minecraft:mutton":1,"minecraft:cobblestone":259,"minecraft:white_wool":3,"minecraft:andesite":11,"minecraft:leather":1,"mowziesmobs:barakoa_mask_fury":1,"minecraft:oak_log":30,"minecraft:yellow_bed":1,"minecraft:gunpowder":1,"vanillahammers:wood_hammer":1,"minecraft:dirt":22,"minecraft:bone":9,"minecraft:kelp":113,"minecraft:wheat_seeds":26,"minecraft:stone_pickaxe":1,"minecraft:iron_ingot":1,"minecraft:iron_ore":127,"minecraft:oak_planks":13,"minecraft:pumpkin":7,"minecraft:gravel":1,"minecraft:jungle_planks":3,"minecraft:sand":12,"minecraft:spider_eye":3,"minecraft:red_terracotta":2,"minecraft:stone_axe":1,"minecraft:iron_helmet":1,"vanillahammers:stone_hammer":1,"minecraft:bread":47,"minecraft:baked_potato":1,"minecraft:oak_sapling":1,"minecraft:coal":136},"minecraft:crafted":{"minecraft:oak_planks":36,"minecraft:furnace":3,"minecraft:iron_boots":1,"minecraft:stone_pickaxe":4,"minecraft:chest":3,"minecraft:wheat":63,"minecraft:cooked_cod":3,"minecraft:crafting_table":1,"minecraft:wooden_pickaxe":1,"minecraft:iron_helmet":1,"minecraft:iron_sword":1,"minecraft:bucket":1,"minecraft:stone_axe":1,"minecraft:bread":21,"minecraft:air":0,"vanillahammers:stone_hammer":1,"minecraft:iron_chestplate":1,"minecraft:charcoal":7,"minecraft:shield":1,"minecraft:stick":36,"minecraft:iron_ingot":89,"minecraft:iron_pickaxe":1,"minecraft:wooden_axe":1,"minecraft:stone_sword":1,"minecraft:iron_leggings":1,"minecraft:torch":64},"minecraft:mined":{"minecraft:dark_oak_planks":1,"minecraft:spruce_planks":16,"minecraft:grass_block":4,"minecraft:spruce_fence":2,"minecraft:jungle_planks":3,"minecraft:kelp":4,"minecraft:sandstone":23,"minecraft:hay_block":28,"minecraft:smooth_stone":2,"minecraft:furnace":5,"minecraft:iron_ore":127,"minecraft:andesite":11,"minecraft:pumpkin":7,"minecraft:azure_bluet":1,"minecraft:cobblestone_slab":1,"minecraft:stone":201,"minecraft:spruce_slab":3,"minecraft:red_bed":2,"minecraft:kelp_plant":27,"minecraft:blue_stained_glass":1,"minecraft:oak_fence":1,"minecraft:crafting_table":6,"minecraft:torch":2,"minecraft:dead_bush":4,"minecraft:tall_grass":20,"minecraft:cobblestone":11,"minecraft:sugar_cane":4,"minecraft:diorite":11,"minecraft:spruce_stairs":1,"minecraft:seagrass":1,"minecraft:red_terracotta":1,"minecraft:cactus":4,"minecraft:cobblestone_wall":4,"minecraft:smooth_stone_slab":1,"minecraft:grass":88,"minecraft:oak_log":30,"minecraft:coal_ore":136,"minecraft:gravel":1,"minecraft:sand":22,"minecraft:dirt":1,"minecraft:crimson_planks":3,"minecraft:oak_leaves":5}},"DataVersion":2586}