{"stats":{"minecraft:killed_by":{"minecraft:zombie":1},"minecraft:dropped":{"minecraft:azure_bluet":1},"minecraft:used":{"minecraft:spruce_slab":2,"minecraft:stone_pickaxe":101,"minecraft:oak_planks":3,"minecraft:spruce_planks":1,"minecraft:wooden_pickaxe":5,"minecraft:torch":11,"minecraft:dirt":3,"minecraft:sand":3,"minecraft:mutton":1,"minecraft:crafting_table":4,"minecraft:wooden_axe":37,"minecraft:bread":1,"carryon:entity_item":1,"minecraft:furnace":2,"minecraft:cooked_cod":1,"minecraft:pumpkin":3},"minecraft:custom":{"minecraft:interact_with_furnace":20,"minecraft:mob_kills":1,"minecraft:interact_with_crafting_table":18,"minecraft:open_barrel":5,"minecraft:play_one_minute":33028,"minecraft:time_since_death":24985,"minecraft:climb_one_cm":1073,"minecraft:time_since_rest":25020,"minecraft:sprint_one_cm":15453,"minecraft:damage_taken":470,"minecraft:walk_one_cm":88527,"minecraft:drop":1,"minecraft:damage_dealt":250,"minecraft:swim_one_cm":18258,"minecraft:fly_one_cm":10659,"minecraft:crouch_one_cm":5354,"minecraft:deaths":1,"minecraft:sneak_time":3318,"minecraft:walk_under_water_one_cm":10740,"minecraft:jump":248,"minecraft:walk_on_water_one_cm":25088,"minecraft:fall_one_cm":2276,"minecraft:inspect_dispenser":3},"minecraft:killed":{"minecraft:sheep":1},"minecraft:picked_up":{"minecraft:crafting_table":3,"minecraft:azure_bluet":1,"minecraft:oak_log":24,"minecraft:crimson_planks":4,"minecraft:dirt":3,"minecraft:kelp":113,"minecraft:wheat_seeds":7,"minecraft:spruce_planks":16,"minecraft:iron_ore":34,"minecraft:spruce_slab":3,"minecraft:pumpkin":7,"minecraft:oak_fence":1,"minecraft:spruce_stairs":1,"minecraft:spruce_fence":2,"minecraft:sand":7,"minecraft:jungle_planks":3,"minecraft:diorite":2,"minecraft:dark_oak_planks":1,"minecraft:cactus":3,"minecraft:hay_block":7,"minecraft:bread":5,"minecraft:oak_sapling":1,"minecraft:mutton":1,"minecraft:white_wool":1,"minecraft:cobblestone":70},"minecraft:crafted":{"minecraft:cooked_cod":3,"minecraft:oak_planks":20,"minecraft:crafting_table":1,"minecraft:wooden_pickaxe":1,"minecraft:furnace":2,"minecraft:stone_axe":1,"minecraft:bread":21,"minecraft:air":0,"minecraft:iron_chestplate":1,"minecraft:charcoal":7,"minecraft:shield":1,"minecraft:stick":12,"minecraft:iron_ingot":13,"minecraft:stone_pickaxe":1,"minecraft:wooden_axe":1,"minecraft:stone_sword":1,"minecraft:torch":12,"minecraft:wheat":63},"minecraft:mined":{"minecraft:dark_oak_planks":1,"minecraft:spruce_planks":16,"minecraft:kelp_plant":27,"minecraft:oak_fence":1,"minecraft:crafting_table":3,"minecraft:grass_block":2,"minecraft:spruce_fence":2,"minecraft:jungle_planks":3,"minecraft:tall_grass":13,"minecraft:kelp":4,"minecraft:diorite":2,"minecraft:seagrass":1,"minecraft:spruce_stairs":1,"minecraft:hay_block":7,"minecraft:cactus":4,"minecraft:iron_ore":34,"minecraft:pumpkin":7,"minecraft:azure_bluet":1,"minecraft:grass":46,"minecraft:oak_log":24,"minecraft:sand":9,"minecraft:dirt":1,"minecraft:crimson_planks":3,"minecraft:stone":70,"minecraft:oak_leaves":4,"minecraft:spruce_slab":3}},"DataVersion":2586}