{"stats":{"minecraft:killed_by":{"minecraft:zombie":1},"minecraft:dropped":{"minecraft:wheat_seeds":13,"minecraft:baked_potato":1,"minecraft:azure_bluet":1,"minecraft:diorite":1,"minecraft:sand":5},"minecraft:used":{"vanillahammers:stone_hammer":35,"minecraft:stone_sword":10,"minecraft:spruce_slab":2,"minecraft:stone_pickaxe":159,"minecraft:baked_potato":5,"minecraft:oak_planks":3,"minecraft:shield":2,"minecraft:chest":1,"minecraft:spruce_planks":1,"minecraft:wooden_pickaxe":5,"minecraft:torch":20,"minecraft:dirt":3,"minecraft:sand":3,"minecraft:mutton":1,"minecraft:crafting_table":4,"minecraft:red_bed":1,"minecraft:wooden_axe":37,"minecraft:acacia_door":1,"minecraft:bread":1,"carryon:entity_item":1,"minecraft:stone_axe":15,"minecraft:cobblestone":8,"minecraft:furnace":2,"minecraft:cooked_cod":3,"minecraft:pumpkin":3},"minecraft:custom":{"minecraft:interact_with_furnace":40,"minecraft:mob_kills":3,"minecraft:interact_with_cartography_table":1,"minecraft:interact_with_crafting_table":31,"minecraft:open_barrel":5,"minecraft:play_one_minute":57028,"minecraft:time_since_death":48985,"minecraft:sleep_in_bed":1,"minecraft:climb_one_cm":1073,"minecraft:time_since_rest":10041,"minecraft:sprint_one_cm":85091,"minecraft:damage_taken":585,"minecraft:walk_one_cm":162171,"minecraft:damage_blocked_by_shield":70,"minecraft:drop":5,"minecraft:damage_dealt":929,"minecraft:swim_one_cm":19246,"minecraft:fly_one_cm":72410,"minecraft:open_chest":17,"minecraft:crouch_one_cm":8005,"minecraft:deaths":1,"minecraft:sneak_time":4825,"minecraft:walk_under_water_one_cm":11606,"minecraft:jump":635,"minecraft:walk_on_water_one_cm":28327,"minecraft:fall_one_cm":9912,"minecraft:inspect_dispenser":3},"minecraft:killed":{"minecraft:sheep":1,"minecraft:skeleton":1,"minecraft:zombie":1},"minecraft:picked_up":{"minecraft:wooden_axe":1,"minecraft:crafting_table":6,"minecraft:azure_bluet":1,"minecraft:leather":1,"minecraft:oak_log":30,"minecraft:crimson_planks":4,"vanillahammers:wood_hammer":1,"minecraft:dirt":21,"minecraft:red_bed":2,"minecraft:wooden_sword":1,"minecraft:acacia_door":1,"minecraft:bone":3,"minecraft:kelp":113,"minecraft:wheat_seeds":20,"minecraft:spruce_planks":16,"minecraft:beef":1,"minecraft:iron_ingot":1,"minecraft:stone_pickaxe":1,"minecraft:iron_ore":37,"minecraft:spruce_slab":3,"minecraft:sugar_cane":10,"minecraft:oak_planks":13,"minecraft:furnace":2,"minecraft:stick":1,"minecraft:pumpkin":7,"minecraft:oak_fence":1,"minecraft:torch":2,"minecraft:porkchop":1,"minecraft:spruce_stairs":1,"minecraft:spruce_fence":2,"minecraft:sand":12,"minecraft:jungle_planks":3,"minecraft:diorite":3,"minecraft:red_terracotta":2,"minecraft:dark_oak_planks":1,"minecraft:orange_bed":1,"minecraft:arrow":2,"minecraft:cactus":3,"minecraft:rotten_flesh":2,"minecraft:stone_axe":1,"minecraft:hay_block":7,"minecraft:bread":5,"minecraft:baked_potato":1,"minecraft:oak_sapling":1,"minecraft:mutton":1,"minecraft:coal":38,"minecraft:white_wool":3,"minecraft:cobblestone":96},"minecraft:crafted":{"minecraft:cooked_cod":3,"minecraft:oak_planks":24,"minecraft:crafting_table":1,"minecraft:wooden_pickaxe":1,"minecraft:iron_helmet":1,"minecraft:iron_sword":1,"minecraft:furnace":2,"minecraft:stone_axe":1,"minecraft:bread":21,"minecraft:air":0,"vanillahammers:stone_hammer":1,"minecraft:iron_boots":1,"minecraft:iron_chestplate":1,"minecraft:charcoal":7,"minecraft:shield":1,"minecraft:stick":24,"minecraft:iron_ingot":34,"minecraft:iron_pickaxe":1,"minecraft:stone_pickaxe":2,"minecraft:wooden_axe":1,"minecraft:stone_sword":1,"minecraft:chest":1,"minecraft:iron_leggings":1,"minecraft:torch":24,"minecraft:wheat":63},"minecraft:mined":{"minecraft:dark_oak_planks":1,"minecraft:spruce_planks":16,"minecraft:red_bed":2,"minecraft:kelp_plant":27,"minecraft:torch":1,"minecraft:oak_fence":1,"minecraft:crafting_table":4,"minecraft:grass_block":3,"minecraft:spruce_fence":2,"minecraft:jungle_planks":3,"minecraft:dead_bush":4,"minecraft:tall_grass":13,"minecraft:sugar_cane":4,"minecraft:kelp":4,"minecraft:diorite":3,"minecraft:seagrass":1,"minecraft:spruce_stairs":1,"minecraft:hay_block":7,"minecraft:red_terracotta":1,"minecraft:cactus":4,"minecraft:furnace":2,"minecraft:iron_ore":37,"minecraft:pumpkin":7,"minecraft:azure_bluet":1,"minecraft:grass":74,"minecraft:coal_ore":38,"minecraft:oak_log":30,"minecraft:sand":22,"minecraft:dirt":1,"minecraft:crimson_planks":3,"minecraft:stone":89,"minecraft:oak_leaves":5,"minecraft:spruce_slab":3}},"DataVersion":2586}