{"stats":{"minecraft:killed_by":{"minecraft:zombie":1},"minecraft:dropped":{"minecraft:bread":4,"minecraft:wheat_seeds":13,"minecraft:baked_potato":1,"minecraft:azure_bluet":1,"minecraft:diorite":2,"minecraft:sand":5},"minecraft:used":{"vanillahammers:stone_hammer":52,"minecraft:water_bucket":1,"minecraft:stone_sword":28,"minecraft:spruce_slab":2,"minecraft:stone_pickaxe":350,"minecraft:baked_potato":8,"minecraft:oak_planks":3,"minecraft:shield":16,"minecraft:chest":2,"minecraft:spruce_planks":1,"minecraft:wooden_pickaxe":5,"minecraft:torch":45,"minecraft:dirt":3,"minecraft:sand":3,"minecraft:mutton":1,"minecraft:crafting_table":5,"minecraft:red_bed":1,"minecraft:wooden_axe":37,"minecraft:acacia_door":1,"minecraft:bread":1,"carryon:entity_item":1,"minecraft:gravel":1,"minecraft:stone_axe":16,"minecraft:cobblestone":30,"minecraft:furnace":5,"minecraft:cooked_cod":3,"minecraft:bucket":2,"minecraft:pumpkin":3},"minecraft:custom":{"minecraft:interact_with_furnace":85,"minecraft:mob_kills":8,"minecraft:interact_with_cartography_table":1,"minecraft:interact_with_crafting_table":39,"minecraft:open_barrel":5,"minecraft:play_one_minute":81110,"minecraft:leave_game":1,"minecraft:time_since_death":73067,"minecraft:sleep_in_bed":1,"minecraft:climb_one_cm":1073,"minecraft:time_since_rest":34123,"minecraft:sprint_one_cm":100471,"minecraft:damage_taken":914,"minecraft:walk_one_cm":230951,"minecraft:damage_blocked_by_shield":410,"minecraft:drop":10,"minecraft:damage_dealt":1603,"minecraft:swim_one_cm":19246,"minecraft:fly_one_cm":85561,"minecraft:open_chest":27,"minecraft:crouch_one_cm":16557,"minecraft:deaths":1,"minecraft:sneak_time":8682,"minecraft:walk_under_water_one_cm":11606,"minecraft:jump":860,"minecraft:walk_on_water_one_cm":29397,"minecraft:fall_one_cm":12972,"minecraft:inspect_dispenser":3},"minecraft:killed":{"minecraft:spider":1,"minecraft:sheep":1,"minecraft:skeleton":4,"minecraft:zombie":1},"minecraft:broken":{"minecraft:stone_pickaxe":1},"minecraft:picked_up":{"minecraft:wooden_axe":1,"minecraft:crafting_table":7,"minecraft:azure_bluet":1,"minecraft:andesite":10,"minecraft:leather":1,"minecraft:oak_log":30,"minecraft:crimson_planks":4,"vanillahammers:wood_hammer":1,"minecraft:string":1,"minecraft:dirt":21,"minecraft:red_bed":2,"minecraft:wooden_sword":1,"minecraft:acacia_door":1,"minecraft:bone":4,"minecraft:kelp":113,"minecraft:wheat_seeds":20,"minecraft:spruce_planks":16,"minecraft:beef":1,"minecraft:iron_ingot":1,"minecraft:stone_pickaxe":1,"minecraft:iron_ore":100,"minecraft:spruce_slab":3,"minecraft:sugar_cane":10,"minecraft:oak_planks":13,"minecraft:sandstone":22,"minecraft:furnace":5,"minecraft:stick":1,"minecraft:pumpkin":7,"minecraft:gravel":1,"minecraft:oak_fence":1,"minecraft:torch":2,"minecraft:porkchop":1,"minecraft:spruce_stairs":1,"minecraft:spruce_fence":2,"minecraft:sand":12,"minecraft:jungle_planks":3,"minecraft:diorite":6,"minecraft:spider_eye":1,"minecraft:red_terracotta":2,"minecraft:dark_oak_planks":1,"minecraft:orange_bed":1,"minecraft:arrow":5,"minecraft:cactus":3,"minecraft:rotten_flesh":2,"minecraft:stone_axe":1,"minecraft:hay_block":7,"minecraft:bread":5,"minecraft:baked_potato":1,"minecraft:oak_sapling":1,"minecraft:mutton":1,"minecraft:coal":101,"minecraft:white_wool":3,"minecraft:cobblestone":156},"minecraft:crafted":{"minecraft:cooked_cod":3,"minecraft:oak_planks":28,"minecraft:crafting_table":1,"minecraft:wooden_pickaxe":1,"minecraft:iron_helmet":1,"minecraft:iron_sword":1,"minecraft:furnace":3,"minecraft:bucket":1,"minecraft:stone_axe":1,"minecraft:bread":21,"minecraft:air":0,"vanillahammers:stone_hammer":1,"minecraft:iron_boots":1,"minecraft:iron_chestplate":1,"minecraft:charcoal":7,"minecraft:shield":1,"minecraft:stick":32,"minecraft:iron_ingot":89,"minecraft:iron_pickaxe":1,"minecraft:stone_pickaxe":3,"minecraft:wooden_axe":1,"minecraft:stone_sword":1,"minecraft:chest":2,"minecraft:iron_leggings":1,"minecraft:torch":64,"minecraft:wheat":63},"minecraft:mined":{"minecraft:dark_oak_planks":1,"minecraft:spruce_planks":16,"minecraft:red_bed":2,"minecraft:kelp_plant":27,"minecraft:torch":1,"minecraft:oak_fence":1,"minecraft:crafting_table":5,"minecraft:grass_block":3,"minecraft:spruce_fence":2,"minecraft:jungle_planks":3,"minecraft:dead_bush":4,"minecraft:cobblestone":1,"minecraft:tall_grass":13,"minecraft:sugar_cane":4,"minecraft:kelp":4,"minecraft:diorite":5,"minecraft:sandstone":23,"minecraft:seagrass":1,"minecraft:spruce_stairs":1,"minecraft:hay_block":7,"minecraft:red_terracotta":1,"minecraft:cactus":4,"minecraft:furnace":5,"minecraft:iron_ore":99,"minecraft:andesite":11,"minecraft:pumpkin":7,"minecraft:azure_bluet":1,"minecraft:grass":74,"minecraft:coal_ore":101,"minecraft:oak_log":30,"minecraft:gravel":1,"minecraft:sand":22,"minecraft:dirt":1,"minecraft:crimson_planks":3,"minecraft:stone":148,"minecraft:oak_leaves":5,"minecraft:spruce_slab":3}},"DataVersion":2586}