{"stats":{"minecraft:killed_by":{"minecraft:player":11,"minecraft:creeper":1,"minecraft:enderman":1,"mineminenomi:marine_sniper":1,"minecraft:drowned":1},"minecraft:mined":{"minecraft:kelp_plant":5,"minecraft:crafting_table":1,"minecraft:granite":3,"minecraft:grass_block":6,"minecraft:diorite":6,"minecraft:tall_seagrass":1,"minecraft:iron_ore":17,"minecraft:fire":1,"minecraft:grass":3,"minecraft:coal_ore":21,"minecraft:oak_log":15,"minecraft:dirt":1,"minecraft:stone":61,"minecraft:oak_leaves":4},"minecraft:dropped":{"minecraft:wheat_seeds":1},"minecraft:custom":{"minecraft:interact_with_furnace":7,"minecraft:interact_with_crafting_table":10,"minecraft:play_one_minute":58535,"minecraft:leave_game":2,"minecraft:time_since_death":745,"minecraft:climb_one_cm":2634,"minecraft:time_since_rest":775,"minecraft:sprint_one_cm":88844,"minecraft:damage_taken":6222,"minecraft:walk_one_cm":88740,"minecraft:drop":1,"minecraft:damage_dealt":701,"minecraft:swim_one_cm":40968,"minecraft:player_kills":2,"minecraft:fly_one_cm":151580,"minecraft:open_chest":22,"minecraft:crouch_one_cm":6342,"minecraft:deaths":18,"minecraft:sneak_time":1646,"minecraft:walk_under_water_one_cm":15060,"minecraft:jump":835,"minecraft:walk_on_water_one_cm":21163,"minecraft:fall_one_cm":45488},"minecraft:crafted":{"minecraft:oak_planks":60,"minecraft:crafting_table":3,"minecraft:iron_helmet":1,"minecraft:wooden_pickaxe":3,"minecraft:furnace":1,"minecraft:air":0,"minecraft:iron_boots":1,"minecraft:iron_chestplate":1,"minecraft:stick":8,"minecraft:iron_pickaxe":1,"minecraft:iron_ingot":17,"minecraft:stone_pickaxe":1,"minecraft:iron_leggings":2},"minecraft:broken":{"mineminenomi:bottle_of_rum":1},"minecraft:used":{"minecraft:stone_pickaxe":98,"minecraft:oak_planks":2,"minecraft:wooden_pickaxe":12,"minecraft:dirt":1,"minecraft:crafting_table":3,"minecraft:granite":2,"mineminenomi:sake_bottle":1,"minecraft:iron_pickaxe":5,"mineminenomi:mace":2,"mineminenomi:bottle_of_rum":4,"mineminenomi:bandit_knife":5,"minecraft:diamond_sword":5,"minecraft:furnace":1},"minecraft:picked_up":{"mineminenomi:cannon_ball":7,"mineminenomi:bandit_knife":1,"minecraft:crafting_table":1,"minecraft:wooden_pickaxe":4,"minecraft:oak_log":15,"mineminenomi:belly_pouch":1,"minecraft:dirt":9,"minecraft:string":3,"minecraft:iron_leggings":4,"minecraft:apple":5,"minecraft:kelp":16,"minecraft:wheat_seeds":1,"minecraft:stone_pickaxe":1,"minecraft:iron_ore":17,"minecraft:iron_pickaxe":1,"mineminenomi:bottle_of_rum":1,"minecraft:oak_planks":99,"mineminenomi:flintlock":9,"minecraft:iron_boots":2,"minecraft:stick":2,"mineminenomi:mace":1,"minecraft:diorite":18,"mineminenomi:medic_bag":4,"minecraft:rotten_flesh":20,"minecraft:golden_hoe":1,"minecraft:granite":6,"minecraft:coal":75,"minecraft:cod":3,"minecraft:cobblestone":61}},"DataVersion":2586}