{"stats":{"minecraft:killed_by":{"minecraft:player":2,"mineminenomi:marine_sniper":1,"minecraft:creeper":1},"minecraft:mined":{"minecraft:iron_ore":17,"minecraft:granite":3,"minecraft:oak_log":15,"minecraft:grass_block":2,"minecraft:coal_ore":21,"minecraft:dirt":1,"minecraft:stone":61,"minecraft:diorite":6,"minecraft:oak_leaves":2},"minecraft:dropped":{"minecraft:wheat_seeds":1},"minecraft:custom":{"minecraft:time_since_rest":9978,"minecraft:interact_with_furnace":4,"minecraft:sprint_one_cm":54159,"minecraft:damage_taken":1673,"minecraft:walk_one_cm":57608,"minecraft:drop":1,"minecraft:damage_dealt":100,"minecraft:interact_with_crafting_table":7,"minecraft:swim_one_cm":2465,"minecraft:fly_one_cm":64921,"minecraft:play_one_minute":35423,"minecraft:crouch_one_cm":2740,"minecraft:deaths":4,"minecraft:sneak_time":796,"minecraft:walk_under_water_one_cm":1421,"minecraft:jump":400,"minecraft:walk_on_water_one_cm":6307,"minecraft:time_since_death":9911,"minecraft:climb_one_cm":2634,"minecraft:fall_one_cm":16479},"minecraft:crafted":{"minecraft:oak_planks":60,"minecraft:crafting_table":3,"minecraft:stick":8,"minecraft:iron_ingot":8,"minecraft:wooden_pickaxe":3,"minecraft:stone_pickaxe":1,"minecraft:furnace":1,"minecraft:air":0},"minecraft:broken":{"mineminenomi:bottle_of_rum":1},"minecraft:used":{"minecraft:stone_pickaxe":98,"minecraft:oak_planks":2,"minecraft:wooden_pickaxe":12,"mineminenomi:bottle_of_rum":4,"minecraft:dirt":1,"minecraft:crafting_table":3,"minecraft:furnace":1,"minecraft:granite":2},"minecraft:picked_up":{"minecraft:stick":2,"minecraft:oak_log":15,"minecraft:diorite":6,"minecraft:dirt":3,"mineminenomi:medic_bag":1,"minecraft:rotten_flesh":2,"minecraft:wheat_seeds":1,"minecraft:granite":3,"minecraft:iron_ore":17,"mineminenomi:bottle_of_rum":1,"minecraft:coal":21,"minecraft:cobblestone":61}},"DataVersion":2586}