{"stats":{"minecraft:killed_by":{"minecraft:creeper":1,"minecraft:player":2},"minecraft:mined":{"minecraft:coal_ore":7,"minecraft:grass_block":1,"minecraft:oak_log":9,"minecraft:stone":5,"minecraft:oak_leaves":1},"minecraft:dropped":{"minecraft:wheat_seeds":1},"minecraft:custom":{"minecraft:time_since_rest":5598,"minecraft:crouch_one_cm":1948,"minecraft:play_one_minute":23423,"minecraft:walk_one_cm":38254,"minecraft:sprint_one_cm":45115,"minecraft:damage_taken":1428,"minecraft:deaths":3,"minecraft:sneak_time":572,"minecraft:walk_under_water_one_cm":1421,"minecraft:drop":1,"minecraft:jump":313,"minecraft:damage_dealt":100,"minecraft:time_since_death":5542,"minecraft:walk_on_water_one_cm":5045,"minecraft:climb_one_cm":2152,"minecraft:swim_one_cm":2465,"minecraft:interact_with_crafting_table":3,"minecraft:fall_one_cm":11528,"minecraft:fly_one_cm":59233},"minecraft:crafted":{"minecraft:oak_planks":36,"minecraft:crafting_table":2,"minecraft:stick":8,"minecraft:stone_pickaxe":1,"minecraft:wooden_pickaxe":3},"minecraft:used":{"mineminenomi:bottle_of_rum":3,"minecraft:dirt":1,"minecraft:crafting_table":2,"minecraft:oak_planks":2,"minecraft:wooden_pickaxe":12},"minecraft:picked_up":{"minecraft:rotten_flesh":2,"minecraft:wheat_seeds":1,"minecraft:oak_log":9,"mineminenomi:bottle_of_rum":1,"minecraft:coal":7,"minecraft:dirt":1,"minecraft:cobblestone":5}},"DataVersion":2586}