{"stats":{"minecraft:killed_by":{"minecraft:player":1},"minecraft:mined":{"minecraft:oak_log":5,"minecraft:oak_leaves":1},"minecraft:dropped":{"minecraft:wheat_seeds":1},"minecraft:custom":{"minecraft:jump":49,"minecraft:time_since_rest":9200,"minecraft:damage_dealt":9,"minecraft:play_one_minute":11423,"minecraft:walk_on_water_one_cm":4251,"minecraft:sprint_one_cm":8516,"minecraft:deaths":1,"minecraft:damage_taken":608,"minecraft:time_since_death":9154,"minecraft:walk_one_cm":11479,"minecraft:sneak_time":37,"minecraft:walk_under_water_one_cm":1421,"minecraft:swim_one_cm":2465,"minecraft:drop":1,"minecraft:fall_one_cm":2414,"minecraft:fly_one_cm":8472},"minecraft:picked_up":{"minecraft:oak_log":5,"minecraft:wheat_seeds":1}},"DataVersion":2586}