{"stats":{"minecraft:killed_by":{"minecraft:player":10,"mineminenomi:marine_sniper":1,"minecraft:creeper":1},"minecraft:mined":{"minecraft:tall_seagrass":1,"minecraft:kelp_plant":5,"minecraft:iron_ore":17,"minecraft:fire":1,"minecraft:crafting_table":1,"minecraft:granite":3,"minecraft:grass":3,"minecraft:oak_log":15,"minecraft:grass_block":4,"minecraft:coal_ore":21,"minecraft:dirt":1,"minecraft:stone":61,"minecraft:diorite":6,"minecraft:oak_leaves":2},"minecraft:dropped":{"minecraft:wheat_seeds":1},"minecraft:custom":{"minecraft:time_since_rest":439,"minecraft:sprint_one_cm":73846,"minecraft:interact_with_furnace":6,"minecraft:damage_taken":5047,"minecraft:walk_one_cm":75118,"minecraft:drop":1,"minecraft:damage_dealt":436,"minecraft:swim_one_cm":31099,"minecraft:interact_with_crafting_table":8,"minecraft:fly_one_cm":117776,"minecraft:player_kills":2,"minecraft:play_one_minute":46535,"minecraft:open_chest":6,"minecraft:crouch_one_cm":5300,"minecraft:deaths":14,"minecraft:sneak_time":1395,"minecraft:walk_under_water_one_cm":11418,"minecraft:jump":650,"minecraft:leave_game":2,"minecraft:time_since_death":407,"minecraft:walk_on_water_one_cm":14598,"minecraft:climb_one_cm":2634,"minecraft:fall_one_cm":33332},"minecraft:crafted":{"minecraft:oak_planks":60,"minecraft:iron_boots":1,"minecraft:crafting_table":3,"minecraft:stick":8,"minecraft:wooden_pickaxe":3,"minecraft:iron_ingot":17,"minecraft:iron_pickaxe":1,"minecraft:stone_pickaxe":1,"minecraft:iron_leggings":1,"minecraft:furnace":1,"minecraft:air":0},"minecraft:broken":{"mineminenomi:bottle_of_rum":1},"minecraft:used":{"minecraft:stone_pickaxe":98,"minecraft:oak_planks":2,"minecraft:iron_pickaxe":5,"minecraft:wooden_pickaxe":12,"mineminenomi:mace":2,"mineminenomi:bottle_of_rum":4,"minecraft:diamond_sword":5,"minecraft:dirt":1,"minecraft:crafting_table":3,"minecraft:furnace":1,"minecraft:granite":2},"minecraft:picked_up":{"minecraft:stick":2,"minecraft:crafting_table":1,"minecraft:wooden_pickaxe":4,"mineminenomi:mace":1,"minecraft:oak_log":15,"minecraft:diorite":18,"mineminenomi:belly_pouch":1,"minecraft:dirt":5,"mineminenomi:medic_bag":4,"minecraft:iron_leggings":4,"minecraft:apple":5,"minecraft:rotten_flesh":20,"minecraft:kelp":8,"minecraft:golden_hoe":1,"minecraft:wheat_seeds":1,"minecraft:granite":6,"minecraft:stone_pickaxe":1,"minecraft:iron_ore":17,"mineminenomi:bottle_of_rum":1,"minecraft:iron_pickaxe":1,"minecraft:cod":1,"minecraft:oak_planks":99,"minecraft:coal":75,"mineminenomi:flintlock":5,"minecraft:cobblestone":61}},"DataVersion":2586}