{"stats":{"minecraft:killed_by":{"minecraft:vindicator":1,"minecraft:player":12,"minecraft:skeleton":4,"minecraft:creeper":1,"minecraft:enderman":1,"mineminenomi:marine_sniper":1,"minecraft:drowned":1},"minecraft:mined":{"minecraft:red_bed":5,"minecraft:kelp_plant":5,"minecraft:carved_pumpkin":2,"minecraft:crafting_table":1,"minecraft:granite":3,"minecraft:grass_block":6,"minecraft:melon":5,"minecraft:diorite":6,"minecraft:tall_seagrass":1,"minecraft:iron_ore":17,"minecraft:fire":1,"minecraft:grass":3,"minecraft:coal_ore":21,"minecraft:oak_log":15,"minecraft:dirt":1,"minecraft:stone":61,"minecraft:player_head":1,"minecraft:oak_leaves":4},"minecraft:dropped":{"minecraft:wheat_seeds":1,"mineminenomi:cola":8},"minecraft:custom":{"minecraft:interact_with_furnace":8,"minecraft:mob_kills":12,"minecraft:interact_with_crafting_table":16,"minecraft:open_barrel":36,"minecraft:play_one_minute":82535,"minecraft:leave_game":2,"minecraft:time_since_death":7224,"minecraft:climb_one_cm":4523,"minecraft:time_since_rest":7261,"minecraft:sprint_one_cm":121912,"minecraft:damage_taken":8058,"minecraft:walk_one_cm":179811,"minecraft:drop":2,"minecraft:damage_dealt":4105,"minecraft:swim_one_cm":67147,"minecraft:player_kills":2,"minecraft:fly_one_cm":184341,"minecraft:open_chest":52,"minecraft:crouch_one_cm":8692,"minecraft:deaths":25,"minecraft:sneak_time":2579,"minecraft:walk_under_water_one_cm":21511,"minecraft:jump":1095,"minecraft:walk_on_water_one_cm":34051,"minecraft:fall_one_cm":50026},"minecraft:crafted":{"minecraft:oak_planks":60,"minecraft:crafting_table":3,"minecraft:iron_helmet":1,"minecraft:wooden_pickaxe":3,"minecraft:furnace":1,"minecraft:air":0,"minecraft:iron_boots":1,"minecraft:iron_chestplate":1,"minecraft:stick":8,"minecraft:iron_pickaxe":1,"minecraft:iron_ingot":17,"minecraft:stone_pickaxe":1,"minecraft:chest":2,"minecraft:iron_leggings":2},"minecraft:broken":{"mineminenomi:bottle_of_rum":1},"minecraft:used":{"minecraft:stone_pickaxe":98,"minecraft:oak_planks":2,"mineminenomi:flintlock":5,"minecraft:chest":2,"minecraft:wooden_pickaxe":12,"minecraft:iron_sword":6,"minecraft:dirt":1,"minecraft:crafting_table":3,"minecraft:granite":2,"mineminenomi:sake_bottle":1,"minecraft:iron_pickaxe":5,"mineminenomi:mace":2,"mineminenomi:bottle_of_rum":4,"mineminenomi:bandit_knife":126,"minecraft:diamond_sword":5,"minecraft:cobblestone":5,"minecraft:furnace":1},"minecraft:picked_up":{"mineminenomi:cannon_ball":7,"mineminenomi:bandit_knife":1,"minecraft:crafting_table":1,"minecraft:feather":7,"minecraft:wooden_pickaxe":4,"minecraft:oak_log":15,"mineminenomi:belly_pouch":1,"minecraft:dirt":9,"minecraft:string":3,"minecraft:red_bed":5,"minecraft:iron_leggings":4,"minecraft:bone":9,"minecraft:apple":5,"minecraft:kelp":19,"minecraft:wheat_seeds":1,"minecraft:stone_pickaxe":1,"minecraft:iron_ore":17,"minecraft:player_head":2,"minecraft:iron_pickaxe":1,"mineminenomi:bottle_of_rum":1,"minecraft:melon_slice":19,"minecraft:oak_planks":99,"mineminenomi:flintlock":9,"minecraft:iron_boots":2,"minecraft:stick":2,"mineminenomi:mace":1,"minecraft:diorite":18,"mineminenomi:medic_bag":4,"minecraft:arrow":5,"minecraft:rotten_flesh":21,"minecraft:golden_hoe":1,"minecraft:granite":7,"minecraft:carved_pumpkin":2,"minecraft:coal":75,"minecraft:cod":3,"minecraft:cobblestone":69},"minecraft:killed":{"minecraft:vindicator":1,"mineminenomi:marine_with_sword":1,"minecraft:skeleton":2,"minecraft:zombie":2,"minecraft:silverfish":1,"mineminenomi:yagara_bull":3,"minecraft:enderman":1}},"DataVersion":2586}