{"stats":{"minecraft:killed_by":{"mineminenomi:marine_bomber":2,"minecraft:vindicator":1,"minecraft:player":13,"minecraft:skeleton":4,"minecraft:creeper":1,"minecraft:enderman":1,"mineminenomi:marine_sniper":1,"minecraft:drowned":1,"mineminenomi:marine_captain":2},"minecraft:mined":{"minecraft:red_bed":5,"minecraft:kelp_plant":5,"minecraft:carved_pumpkin":2,"minecraft:crafting_table":1,"minecraft:granite":3,"minecraft:grass_block":7,"minecraft:melon":5,"minecraft:tall_grass":1,"minecraft:diorite":6,"minecraft:tall_seagrass":1,"minecraft:iron_ore":17,"minecraft:fire":1,"minecraft:grass":3,"minecraft:oak_log":15,"minecraft:coal_ore":21,"minecraft:dirt":1,"minecraft:stone":61,"minecraft:player_head":1,"minecraft:oak_leaves":4},"minecraft:dropped":{"minecraft:wheat_seeds":1,"mineminenomi:cola":8},"minecraft:custom":{"minecraft:interact_with_furnace":17,"minecraft:interact_with_anvil":1,"minecraft:mob_kills":22,"minecraft:interact_with_crafting_table":18,"minecraft:open_barrel":36,"minecraft:play_one_minute":96686,"minecraft:damage_dealt_resisted":19,"minecraft:leave_game":4,"minecraft:time_since_death":3638,"minecraft:climb_one_cm":4783,"minecraft:time_since_rest":3691,"minecraft:sprint_one_cm":136535,"minecraft:damage_taken":9605,"minecraft:walk_one_cm":229443,"minecraft:drop":2,"minecraft:damage_dealt":6571,"minecraft:swim_one_cm":67496,"minecraft:player_kills":2,"minecraft:fly_one_cm":198234,"minecraft:open_chest":69,"minecraft:crouch_one_cm":10027,"minecraft:deaths":31,"minecraft:sneak_time":2915,"minecraft:walk_under_water_one_cm":21941,"minecraft:jump":1225,"minecraft:walk_on_water_one_cm":36975,"minecraft:fall_one_cm":54410},"minecraft:crafted":{"minecraft:oak_planks":60,"minecraft:crafting_table":3,"minecraft:wooden_pickaxe":3,"minecraft:iron_helmet":1,"minecraft:furnace":1,"minecraft:air":0,"minecraft:iron_boots":1,"minecraft:iron_chestplate":1,"minecraft:stick":8,"minecraft:iron_ingot":17,"minecraft:iron_pickaxe":1,"minecraft:stone_pickaxe":1,"minecraft:chest":2,"minecraft:iron_leggings":2},"minecraft:broken":{"mineminenomi:bottle_of_rum":1},"minecraft:used":{"mineminenomi:pirate_cutlass":13,"minecraft:stone_pickaxe":98,"minecraft:oak_planks":2,"mineminenomi:flintlock":5,"minecraft:chest":2,"minecraft:wooden_pickaxe":12,"minecraft:iron_sword":48,"minecraft:dirt":1,"minecraft:crafting_table":3,"minecraft:granite":3,"mineminenomi:sake_bottle":1,"minecraft:bread":3,"minecraft:iron_pickaxe":5,"mineminenomi:mace":2,"vanillahammers:quartz_hammer":2,"mineminenomi:bandit_knife":126,"mineminenomi:bottle_of_rum":4,"minecraft:diamond_sword":5,"minecraft:cobblestone":5,"minecraft:furnace":1},"minecraft:picked_up":{"mineminenomi:cannon_ball":7,"mineminenomi:bandit_knife":1,"minecraft:crafting_table":1,"minecraft:feather":7,"minecraft:redstone_lamp":1,"minecraft:wooden_pickaxe":4,"minecraft:oak_log":15,"mineminenomi:belly_pouch":1,"minecraft:dirt":10,"minecraft:string":3,"minecraft:red_bed":5,"minecraft:lantern":2,"minecraft:iron_leggings":4,"minecraft:bone":9,"minecraft:apple":5,"minecraft:kelp":19,"minecraft:wheat_seeds":1,"minecraft:stone_pickaxe":1,"minecraft:iron_ore":17,"minecraft:player_head":2,"mineminenomi:bottle_of_rum":1,"minecraft:iron_pickaxe":1,"minecraft:melon_slice":19,"minecraft:oak_planks":99,"mineminenomi:flintlock":9,"minecraft:iron_boots":2,"minecraft:stick":2,"mineminenomi:mace":1,"minecraft:jungle_planks":1,"minecraft:diorite":18,"mineminenomi:medic_bag":4,"minecraft:arrow":5,"minecraft:rotten_flesh":21,"minecraft:golden_hoe":1,"minecraft:granite":7,"minecraft:carved_pumpkin":2,"minecraft:cod":3,"minecraft:coal":75,"minecraft:cobblestone":69},"minecraft:killed":{"minecraft:vindicator":1,"mineminenomi:marine_with_sword":9,"minecraft:skeleton":2,"mineminenomi:marine_sniper":1,"minecraft:zombie":2,"minecraft:silverfish":1,"mineminenomi:yagara_bull":3,"mineminenomi:marine_with_gun":4,"mineminenomi:marine_bomber":1,"minecraft:enderman":1}},"DataVersion":2586}