{
  "dungeons_arise:wda_root": {
    "criteria": {
      "WDA": "2024-06-26 00:57:01 +0000"
    },
    "done": true
  },
  "minecraft:adventure/root": {
    "criteria": {
      "killed_something": "2024-06-26 00:58:43 +0000"
    },
    "done": true
  },
  "mowziesmobs:root": {
    "criteria": {
      "custom_test_name": "2024-06-26 00:57:01 +0000"
    },
    "done": true
  },
  "minecraft:adventure/adventuring_time": {
    "criteria": {
      "minecraft:beach": "2024-06-26 00:57:45 +0000",
      "minecraft:river": "2024-06-26 00:59:34 +0000",
      "minecraft:plains": "2024-06-26 00:57:01 +0000"
    },
    "done": false
  },
  "DataVersion": 2586
}